<?xml version="1.0" encoding="UTF-8"?>

<MyGUI type="Widgets">

  <Widget name="Button">
    <Property key="DefaultSkin" value="Button"/>

    <Property key="Skin" value="Button"/>
    <Property key="Skin" value="ButtonSmall"/>
    <Property key="Skin" value="CheckBox"/>
    <Property key="Skin" value="RadioBox"/>
    <Property key="Skin" value="ButtonMinusPlus" group="Other"/>
    <Property key="Skin" value="ButtonX" group="Other"/>
    <Property key="Skin" value="ButtonV" group="Other"/>
    <Property key="Skin" value="ButtonDown" group="Other"/>
    <Property key="Skin" value="ButtonUp" group="Other"/>
    <Property key="Skin" value="ButtonLeft" group="Other"/>
    <Property key="Skin" value="ButtonRight" group="Other"/>

    <Property key="Parent" value="true"/>
    <Property key="Child" value="true"/>

    <Parameter key="Button_Pressed" value="Bool"/>
  </Widget>

  <Widget name="ComboBox">
    <Property key="DefaultSkin" value="ComboBox"/>

    <Property key="Skin" value="ComboBox"/>

    <Parameter key="ComboBox_ModeDrop" value="Bool"/>

    <Property key="ItemManager" value="true"/>
  </Widget>

  <Widget name="Edit">
    <Property key="DefaultSkin" value="Edit"/>

    <Property key="Skin" value="Edit"/>
    <Property key="Skin" value="EditStretch"/>
    <Property key="Skin" value="WordWrap"/>
    <Property key="Skin" value="WordWrapSimple"/>

    <Property key="Parent" value="true"/>
    <Property key="Child" value="true"/>

    <Parameter key="Edit_CursorPosition" value="2 int"/>
    <Parameter key="Edit_TextSelect" value="2 int"/>
    <Parameter key="Edit_ReadOnly" value="Bool"/>
    <Parameter key="Edit_Password" value="Bool"/>
    <Parameter key="Edit_MultiLine" value="Bool"/>
    <Parameter key="Edit_PasswordChar" value="String"/>
    <Parameter key="Edit_MaxTextLength" value="1 int"/>
    <Parameter key="Edit_OverflowToTheLeft" value="Bool"/>
    <Parameter key="Edit_Static" value="Bool"/>
    <Parameter key="Edit_WordWrap" value="Bool"/>
    <Parameter key="Edit_TabPrinting" value="Bool"/>
    <Parameter key="Edit_VisibleVScroll" value="Bool"/>
    <Parameter key="Edit_VisibleHScroll" value="Bool"/>
  </Widget>

  <Widget name="HScroll">
    <Property key="DefaultSkin" value="HScroll"/>

    <Property key="Skin" value="HScroll"/>
    <Property key="Skin" value="HSlider"/>

    <Parameter key="Scroll_Range" value="1 int"/>
    <Parameter key="Scroll_Position" value="1 int"/>
    <Parameter key="Scroll_Page" value="1 int"/>
    <Parameter key="Scroll_ViewPage" value="1 int"/>
    <Parameter key="Scroll_MoveToClick" value="Bool"/>
  </Widget>

  <Widget name="ItemBox">
    <Property key="DefaultSkin" value="ItemBoxV"/>

    <Property key="Skin" value="ItemBoxV"/>
    <Property key="Skin" value="ItemBoxH"/>

    <Parameter key="DDContainer_NeedDragDrop" value="Bool"/>
  </Widget>

  <Widget name="List">
    <Property key="DefaultSkin" value="List"/>

    <Property key="Skin" value="List"/>

    <Property key="ItemManager" value="true"/>
  </Widget>

  <Widget name="MenuBar">
    <Property key="DefaultSkin" value="MenuBar"/>

    <Property key="Skin" value="MenuBar"/>

    <Property key="ItemManager" value="true"/>
  </Widget>

  <Widget name="Message">
    <Property key="DefaultSkin" value="Message"/>

    <Property key="Skin" value="Message" group="Other"/>

    <Parameter key="Message_Caption" value="String"/>
    <Parameter key="Message_Message" value="String"/>
    <Parameter key="Message_Modal" value="Bool"/>
    <Parameter key="Message_Button" value="MessageButton"/>
    <Parameter key="Message_SmoothShow" value="Bool"/>
    <Parameter key="Message_Fade" value="Bool"/>
  </Widget>

  <Widget name="MultiList">
    <Property key="DefaultSkin" value="MultiList"/>

    <Property key="Skin" value="MultiList"/>
  </Widget>

  <Widget name="Progress">
    <Property key="DefaultSkin" value="Progress"/>

    <Property key="Skin" value="Progress"/>
    <Property key="Skin" value="ProgressFill"/>
    <Property key="Skin" value="ProgressHealthBar" group="Other"/>

    <Property key="Parent" value="true"/>
    <Property key="Child" value="true"/>

    <Parameter key="Progress_Range" value="1 int"/>
    <Parameter key="Progress_Position" value="1 int"/>
    <Parameter key="Progress_AutoTrack" value="Bool"/>
    <Parameter key="Progress_StartPoint" value="AlignStartPoint"/>
  </Widget>

  <Widget name="RenderBox">
    <Property key="DefaultSkin" value="RenderBox"/>

    <Property key="Skin" value="RenderBox"/>

    <Property key="Parent" value="true"/>
    <Property key="Child" value="true"/>

    <Parameter key="RenderBox_BackgroundColour" value="Colour"/>
  </Widget>

  <Widget name="ScrollView">
    <Property key="DefaultSkin" value="ScrollView"/>

    <Property key="Skin" value="ScrollView"/>
    <Property key="Skin" value="ScrollViewEmpty"/>

    <Property key="Parent" value="true"/>
    <Property key="Child" value="true"/>

    <Parameter key="ScrollView_VisibleVScroll" value="Bool"/>
    <Parameter key="ScrollView_VisibleHScroll" value="Bool"/>
    <Parameter key="ScrollView_CanvasAlign" value="CanvasAlign"/>
    <Parameter key="ScrollView_CanvasSize" value="2 int"/>
  </Widget>

  <Widget name="TabItem">
    <Property key="DefaultSkin" value="Default"/>

    <Property key="Parent" value="true"/>
    <Property key="Resizeable" value="false"/>

    <Parameter key="TabItem_ButtonWidth" value="1 int"/>
    <Parameter key="TabItem_Select" value="Bool"/>
  </Widget>

  <Widget name="MenuItem">
    <Property key="DefaultSkin" value="Default"/>

    <Property key="Parent" value="true"/>
    <Property key="Resizeable" value="false"/>

    <Parameter key="MenuItem_Id" value="String"/>
    <Parameter key="MenuItem_Type" value="MenuItemType"/>
  </Widget>

  <Widget name="StaticImage">
    <Property key="DefaultSkin" value="StaticImage"/>

    <Property key="Skin" value="StaticImage"/>

    <Property key="Parent" value="true"/>
    <Property key="Child" value="true"/>

    <Parameter key="Image_Texture" value="FileName"/>
    <Parameter key="Image_Coord" value="4 int"/>
    <Parameter key="Image_Tile" value="2 float"/>
    <Parameter key="Image_Index" value="1 int"/>

    <Parameter key="Image_Resource" value="String"/>
    <Parameter key="Image_Group" value="String"/>
    <Parameter key="Image_Name" value="String"/>
  </Widget>

  <Widget name="StaticText">
    <Property key="DefaultSkin" value="StaticText"/>

    <Property key="Skin" value="StaticText"/>

    <Property key="Parent" value="true"/>
    <Property key="Child" value="true"/>

    <Parameter key="Text_TextColour" value="Colour"/>
    <Parameter key="Text_TextAlign" value="TextAlign"/>
    <Parameter key="Text_FontName" value="Font"/>
    <Parameter key="Text_FontHeight" value="1 int"/>

  </Widget>

  <Widget name="Tab">
    <Property key="DefaultSkin" value="Tab"/>

    <Property key="Skin" value="Tab"/>

    <Property key="ItemManager" value="true"/>

    <Parameter key="Tab_ButtonWidth" value="1 int"/>
    <Parameter key="Tab_ButtonAutoWidth" value="Bool"/>
    <Parameter key="Tab_SmoothShow" value="Bool"/>
  </Widget>

  <Widget name="VScroll">
    <Property key="DefaultSkin" value="VScroll"/>

    <Property key="Skin" value="VScroll"/>
    <Property key="Skin" value="VSlider"/>

    <Property key="Parent" value="true"/>
    <Property key="Child" value="true"/>

    <Parameter key="Scroll_Range" value="1 int"/>
    <Parameter key="Scroll_Position" value="1 int"/>
    <Parameter key="Scroll_Page" value="1 int"/>
    <Parameter key="Scroll_ViewPage" value="1 int"/>
    <Parameter key="Scroll_MoveToClick" value="Bool"/>
  </Widget>

  <Widget name="Widget">
    <Property key="DefaultSkin" value="Default"/>

    <Property key="Skin" value="Panel" group="Other"/>
    <Property key="Skin" value="PanelSmall" group="Other"/>
    <Property key="Skin" value="PanelEmpty" group="Other"/>
    <Property key="Skin" value="TileClient" group="Other"/>
    <Property key="Skin" value="DefaultClient" group="Other"/>
    <Property key="Skin" value="Separator1" group="Other"/>
    <Property key="Skin" value="Separator2" group="Other"/>
    <Property key="Skin" value="Separator3" group="Other"/>
    <Property key="Skin" value="Separator4" group="Other"/>

    <Property key="Parent" value="true"/>
    <Property key="Child" value="true"/>

    <Parameter key="Widget_Caption" value="String"/>
    <Parameter key="Widget_Visible" value="Bool"/>
    <Parameter key="Widget_Alpha" value="1 float"/>
    <Parameter key="Widget_InheritsAlpha" value="Bool"/>
    <Parameter key="Widget_InheritsPick" value="Bool"/>
    <Parameter key="Widget_MaskPick" value="FileName"/>
    <Parameter key="Widget_State" value="String"/>
    <Parameter key="Widget_NeedKey" value="Bool"/>
    <Parameter key="Widget_NeedMouse" value="Bool"/>
    <Parameter key="Widget_Enabled" value="Bool"/>
    <Parameter key="Widget_NeedToolTip" value="Bool"/>

    <_Parameter key="Widget_eventMouseLostFocus" value="String"/>
    <_Parameter key="Widget_eventMouseSetFocus" value="String"/>
    <_Parameter key="Widget_eventMouseDrag" value="String"/>
    <_Parameter key="Widget_eventMouseMove" value="String"/>
    <_Parameter key="Widget_eventMouseWheel" value="String"/>
    <_Parameter key="Widget_eventMouseButtonPressed" value="String"/>
    <_Parameter key="Widget_eventMouseButtonReleased" value="String"/>
    <_Parameter key="Widget_eventMouseButtonClick" value="String"/>
    <_Parameter key="Widget_eventMouseButtonDoubleClick" value="String"/>
    <_Parameter key="Widget_eventToolTip" value="String"/>
  </Widget>

  <Widget name="Window">
    <Property key="DefaultSkin" value="Window"/>

    <Property key="Skin" value="Window"/>
    <Property key="Skin" value="WindowC"/>
    <Property key="Skin" value="WindowCS"/>
    <Property key="Skin" value="WindowCSX"/>

    <Property key="Parent" value="true"/>
    <Property key="Child" value="false"/>

    <Parameter key="Window_AutoAlpha" value="Bool"/>
    <Parameter key="Window_Snap" value="Bool"/>
    <Parameter key="Window_MinSize" value="2 int"/>
    <Parameter key="Window_MaxSize" value="2 int"/>
  </Widget>
 
</MyGUI>
