<scene formatVersion="0.2.0">
  <nodes>
    <node name="Tombstone4.003">
      <position x="0.901970" y="5.058639" z="0.528957"/>
      <rotation qx="0.000000" qy="0.000000" qz="0.000000" qw="1.000000"/>
      <scale x="0.529278" y="0.529278" z="0.529278"/>
      <entity name="Tombstone4.003" meshFile="Tombstone4.mesh"/>
    </node>
    <node name="Tombstone4.002">
      <position x="7.157071" y="15.163033" z="0.528957"/>
      <rotation qx="0.000000" qy="0.000000" qz="-0.707107" qw="0.707107"/>
      <scale x="0.529278" y="0.529278" z="0.529278"/>
      <entity name="Tombstone4.002" meshFile="Tombstone4.mesh"/>
    </node>
    <node name="Tombstone4.001">
      <position x="-10.164747" y="5.058639" z="0.528957"/>
      <rotation qx="0.000000" qy="0.000000" qz="0.000000" qw="1.000000"/>
      <scale x="0.529278" y="0.529278" z="0.529278"/>
      <entity name="Tombstone4.001" meshFile="Tombstone4.mesh"/>
    </node>
    <node name="Tombstone4.007">
      <position x="-11.127069" y="3.326457" z="0.528957"/>
      <rotation qx="0.000000" qy="0.000000" qz="1.000000" qw="0.000000"/>
      <scale x="0.529278" y="0.529278" z="0.529278"/>
      <entity name="Tombstone4.007" meshFile="Tombstone4.mesh"/>
    </node>
    <node name="Tombstone4.006">
      <position x="-13.051717" y="-3.602271" z="0.521940"/>
      <rotation qx="-0.000000" qy="-0.024958" qz="0.000000" qw="0.999689"/>
      <scale x="0.529278" y="0.529278" z="0.529278"/>
      <entity name="Tombstone4.006" meshFile="Tombstone4.mesh"/>
    </node>
    <node name="Tombstone4.005">
      <position x="-18.825655" y="-3.602271" z="0.504707"/>
      <rotation qx="-0.020389" qy="-0.034841" qz="-0.005853" qw="0.999168"/>
      <scale x="0.529278" y="0.529278" z="0.529278"/>
      <entity name="Tombstone4.005" meshFile="Tombstone4.mesh"/>
    </node>
    <node name="Tombstone4.004">
      <position x="-12.599652" y="5.539801" z="0.510493"/>
      <rotation qx="0.013404" qy="-0.087273" qz="-0.703697" qw="0.704992"/>
      <scale x="0.529278" y="0.529278" z="0.529278"/>
      <entity name="Tombstone4.004" meshFile="Tombstone4.mesh"/>
    </node>
    <node name="Tombstone4.009">
      <position x="-2.466161" y="12.276064" z="0.528957"/>
      <rotation qx="0.000000" qy="0.000000" qz="1.000000" qw="0.000000"/>
      <scale x="0.529278" y="0.529278" z="0.529278"/>
      <entity name="Tombstone4.009" meshFile="Tombstone4.mesh"/>
    </node>
    <node name="Tombstone4.008">
      <position x="0.901970" y="-3.602271" z="0.528957"/>
      <rotation qx="0.000000" qy="0.000000" qz="0.000000" qw="1.000000"/>
      <scale x="0.529278" y="0.529278" z="0.529278"/>
      <entity name="Tombstone4.008" meshFile="Tombstone4.mesh"/>
    </node>
    <node name="MonumentBase1">
      <position x="7.052738" y="1.329637" z="0.792660"/>
      <rotation qx="0.000000" qy="0.000000" qz="-0.707107" qw="0.707107"/>
      <scale x="0.800268" y="0.800268" z="0.800268"/>
      <entity name="MonumentBase1" meshFile="MonumentBase1.mesh"/>
    </node>
    <node name="Cube.061">
      <position x="0.805739" y="13.142153" z="0.480841"/>
      <rotation qx="0.000000" qy="0.000000" qz="1.000000" qw="0.000000"/>
      <scale x="0.481162" y="0.481162" z="0.481162"/>
      <entity name="Cube.061" meshFile="GraveHedge1.mesh"/>
    </node>
    <node name="Cube.060">
      <position x="-2.081232" y="8.811699" z="0.480841"/>
      <rotation qx="0.000000" qy="0.000000" qz="1.000000" qw="0.000000"/>
      <scale x="0.481162" y="0.481162" z="0.481162"/>
      <entity name="Cube.060" meshFile="GraveHedge1.mesh"/>
    </node>
    <node name="Cube.014">
      <position x="-23.589155" y="5.780381" z="0.480841"/>
      <rotation qx="0.000000" qy="0.000000" qz="-0.707107" qw="0.707107"/>
      <scale x="0.481162" y="0.481162" z="0.481162"/>
      <entity name="Cube.014" meshFile="GraveHedge1.mesh"/>
    </node>
    <node name="Tombstone1.002">
      <position x="4.029521" y="18.290583" z="0.480841"/>
      <rotation qx="0.000000" qy="0.000000" qz="0.000000" qw="1.000000"/>
      <scale x="0.481162" y="0.481162" z="0.481162"/>
      <entity name="Tombstone1.002" meshFile="Tombstone1.mesh"/>
    </node>
    <node name="Tombstone1.003">
      <position x="0.661391" y="12.372297" z="0.402881"/>
      <rotation qx="-0.097475" qy="0.096975" qz="-0.990398" qw="0.014391"/>
      <scale x="0.481162" y="0.481162" z="0.481162"/>
      <entity name="Tombstone1.003" meshFile="Tombstone1.mesh"/>
    </node>
    <node name="Tombstone1.001">
      <position x="6.916492" y="7.223866" z="0.480841"/>
      <rotation qx="-0.029416" qy="-0.047056" qz="-0.697998" qw="0.713947"/>
      <scale x="0.481162" y="0.481162" z="0.481162"/>
      <entity name="Tombstone1.001" meshFile="Tombstone1.mesh"/>
    </node>
    <node name="Cube.015">
      <position x="-23.589155" y="8.667352" z="0.480841"/>
      <rotation qx="0.000000" qy="0.000000" qz="-0.707107" qw="0.707107"/>
      <scale x="0.481162" y="0.481162" z="0.481162"/>
      <entity name="Cube.015" meshFile="GraveHedge1.mesh"/>
    </node>
    <node name="Tombstone1.004">
      <position x="-4.631389" y="12.035482" z="0.480841"/>
      <rotation qx="0.000000" qy="0.000000" qz="0.707107" qw="0.707107"/>
      <scale x="0.481162" y="0.481162" z="0.481162"/>
      <entity name="Tombstone1.004" meshFile="Tombstone1.mesh"/>
    </node>
    <node name="Cube.001">
      <position x="-6.267338" y="-5.767498" z="0.480841"/>
      <rotation qx="0.000000" qy="0.000000" qz="-0.707107" qw="0.707107"/>
      <scale x="0.481162" y="0.481162" z="0.481162"/>
      <entity name="Cube.001" meshFile="GraveHedge1.mesh"/>
    </node>
    <node name="Cube.012">
      <position x="-22.290018" y="13.142153" z="0.480841"/>
      <rotation qx="0.000000" qy="0.000000" qz="1.000000" qw="0.000000"/>
      <scale x="0.481162" y="0.481162" z="0.481162"/>
      <entity name="Cube.012" meshFile="GraveHedge1.mesh"/>
    </node>
    <node name="Cube.003">
      <position x="-2.081232" y="-4.468361" z="0.480841"/>
      <rotation qx="0.000000" qy="0.000000" qz="0.000000" qw="1.000000"/>
      <scale x="0.481162" y="0.481162" z="0.481162"/>
      <entity name="Cube.003" meshFile="GraveHedge1.mesh"/>
    </node>
    <node name="Camera">
      <position x="0.110301" y="0.066001" z="2.540871"/>
      <rotation qx="0.481707" qy="0.212922" qz="0.334251" qw="0.781600"/>
      <scale x="0.481162" y="0.481162" z="0.481162"/>
      <camera name="Camera" fov="37.849289" projectionType="perspective">
        <normal x="0.0" y="0.0" z="-1.0"/>
        <clipping near="0.100000" far="100.000000"/>
      </camera>
    </node>
    <node name="Tombstone2.001">
      <position x="-2.177464" y="-3.890968" z="0.480841"/>
      <rotation qx="0.000000" qy="0.000000" qz="1.000000" qw="0.000000"/>
      <scale x="0.481162" y="0.481162" z="0.481162"/>
      <entity name="Tombstone2.001" meshFile="Tombstone2.mesh"/>
    </node>
    <node name="Cube">
      <position x="-7.855171" y="-4.468361" z="0.480841"/>
      <rotation qx="0.000000" qy="0.000000" qz="0.000000" qw="1.000000"/>
      <scale x="0.481162" y="0.481162" z="0.481162"/>
      <entity name="Cube" meshFile="GraveHedge1.mesh"/>
    </node>
    <node name="Cube.007">
      <position x="-3.669065" y="8.667352" z="0.480841"/>
      <rotation qx="0.000000" qy="0.000000" qz="-0.707107" qw="0.707107"/>
      <scale x="0.481162" y="0.481162" z="0.481162"/>
      <entity name="Cube.007" meshFile="GraveHedge1.mesh"/>
    </node>
    <node name="Cube.013">
      <position x="-23.589155" y="2.893411" z="0.480841"/>
      <rotation qx="0.000000" qy="0.000000" qz="-0.707107" qw="0.707107"/>
      <scale x="0.481162" y="0.481162" z="0.481162"/>
      <entity name="Cube.013" meshFile="GraveHedge1.mesh"/>
    </node>
    <node name="Tombstone2.002">
      <position x="-7.951404" y="-3.890968" z="0.480841"/>
      <rotation qx="0.000000" qy="0.000000" qz="1.000000" qw="0.000000"/>
      <scale x="0.481162" y="0.481162" z="0.481162"/>
      <entity name="Tombstone2.002" meshFile="Tombstone2.mesh"/>
    </node>
    <node name="MonumentBase1.002">
      <position x="-15.409410" y="12.436367" z="0.792660"/>
      <rotation qx="0.000000" qy="0.000000" qz="0.000000" qw="1.000000"/>
      <scale x="0.800268" y="0.800268" z="0.800268"/>
      <entity name="MonumentBase1.002" meshFile="MonumentBase1.mesh"/>
    </node>
    <node name="MonumentBase1.003">
      <position x="-2.329915" y="15.668251" z="0.792660"/>
      <rotation qx="0.000000" qy="0.000000" qz="-0.707107" qw="0.707107"/>
      <scale x="0.800268" y="0.800268" z="0.800268"/>
      <entity name="MonumentBase1.003" meshFile="MonumentBase1.mesh"/>
    </node>
    <node name="MonumentBase1.001">
      <position x="-11.078954" y="12.436367" z="0.792660"/>
      <rotation qx="0.000000" qy="0.000000" qz="0.000000" qw="1.000000"/>
      <scale x="0.800268" y="0.800268" z="0.800268"/>
      <entity name="MonumentBase1.001" meshFile="MonumentBase1.mesh"/>
    </node>
    <node name="Tombstone4">
      <position x="-22.674948" y="6.020962" z="0.528957"/>
      <rotation qx="0.000000" qy="0.000000" qz="-0.707107" qw="0.707107"/>
      <scale x="0.529278" y="0.529278" z="0.529278"/>
      <entity name="Tombstone4" meshFile="Tombstone4.mesh"/>
    </node>
    <node name="Tombstone1">
      <position x="-7.037197" y="4.818058" z="0.480841"/>
      <rotation qx="0.000000" qy="0.000000" qz="0.000000" qw="1.000000"/>
      <scale x="0.481162" y="0.481162" z="0.481162"/>
      <entity name="Tombstone1" meshFile="Tombstone1.mesh"/>
    </node>
    <node name="Tombstone3">
      <position x="-10.501559" y="-3.842852" z="0.528957"/>
      <rotation qx="0.000000" qy="0.000000" qz="0.000000" qw="1.000000"/>
      <scale x="0.529278" y="0.529278" z="0.529278"/>
      <entity name="Tombstone3" meshFile="Tombstone3.mesh"/>
    </node>
    <node name="Tombstone2">
      <position x="-6.989079" y="3.807618" z="0.388721"/>
      <rotation qx="0.061763" qy="0.056887" qz="0.027318" qw="0.996094"/>
      <scale x="0.481162" y="0.481162" z="0.481162"/>
      <entity name="Tombstone2" meshFile="Tombstone2.mesh"/>
    </node>
    <node name="Cube.058">
      <position x="-12.329976" y="5.780382" z="0.480841"/>
      <rotation qx="0.000000" qy="0.000000" qz="0.707107" qw="0.707107"/>
      <scale x="0.481162" y="0.481162" z="0.481162"/>
      <entity name="Cube.058" meshFile="GraveHedge1.mesh"/>
    </node>
    <node name="Cube.059">
      <position x="6.290983" y="4.192548" z="0.480841"/>
      <rotation qx="0.000000" qy="0.000000" qz="1.000000" qw="0.000000"/>
      <scale x="0.481162" y="0.481162" z="0.481162"/>
      <entity name="Cube.059" meshFile="GraveHedge1.mesh"/>
    </node>
    <node name="Cube.052">
      <position x="-20.702188" y="-2.880529" z="0.480841"/>
      <rotation qx="0.000000" qy="0.000000" qz="0.707107" qw="0.707107"/>
      <scale x="0.481162" y="0.481162" z="0.481162"/>
      <entity name="Cube.052" meshFile="GraveHedge1.mesh"/>
    </node>
    <node name="Cube.053">
      <position x="-6.267338" y="-2.880528" z="0.480841"/>
      <rotation qx="0.000000" qy="0.000000" qz="-0.707107" qw="0.707107"/>
      <scale x="0.481162" y="0.481162" z="0.481162"/>
      <entity name="Cube.053" meshFile="GraveHedge1.mesh"/>
    </node>
    <node name="Cube.050">
      <position x="-15.072598" y="-2.880529" z="0.480841"/>
      <rotation qx="0.000000" qy="0.000000" qz="0.707107" qw="0.707107"/>
      <scale x="0.481162" y="0.481162" z="0.481162"/>
      <entity name="Cube.050" meshFile="GraveHedge1.mesh"/>
    </node>
    <node name="Cube.051">
      <position x="-22.290018" y="-1.581391" z="0.480841"/>
      <rotation qx="0.000000" qy="0.000000" qz="0.000000" qw="1.000000"/>
      <scale x="0.481162" y="0.481162" z="0.481162"/>
      <entity name="Cube.051" meshFile="GraveHedge1.mesh"/>
    </node>
    <node name="Cube.056">
      <position x="-8.143868" y="4.192548" z="0.480841"/>
      <rotation qx="0.000000" qy="0.000000" qz="1.000000" qw="0.000000"/>
      <scale x="0.481162" y="0.481162" z="0.481162"/>
      <entity name="Cube.056" meshFile="GraveHedge1.mesh"/>
    </node>
    <node name="Cube.057">
      <position x="-11.030838" y="4.192548" z="0.480841"/>
      <rotation qx="0.000000" qy="0.000000" qz="1.000000" qw="0.000000"/>
      <scale x="0.481162" y="0.481162" z="0.481162"/>
      <entity name="Cube.057" meshFile="GraveHedge1.mesh"/>
    </node>
    <node name="Cube.054">
      <position x="-3.669065" y="-2.880528" z="0.480841"/>
      <rotation qx="0.000000" qy="0.000000" qz="-0.707107" qw="0.707107"/>
      <scale x="0.481162" y="0.481162" z="0.481162"/>
      <entity name="Cube.054" meshFile="GraveHedge1.mesh"/>
    </node>
    <node name="Cube.055">
      <position x="-5.256899" y="4.192548" z="0.480841"/>
      <rotation qx="0.000000" qy="0.000000" qz="1.000000" qw="0.000000"/>
      <scale x="0.481162" y="0.481162" z="0.481162"/>
      <entity name="Cube.055" meshFile="GraveHedge1.mesh"/>
    </node>
    <node name="Cube.038">
      <position x="-25.176994" y="1.594275" z="0.480841"/>
      <rotation qx="0.000000" qy="0.000000" qz="1.000000" qw="0.000000"/>
      <scale x="0.481162" y="0.481162" z="0.481162"/>
      <entity name="Cube.038" meshFile="GraveHedge1.mesh"/>
    </node>
    <node name="Cube.039">
      <position x="-25.176994" y="-1.581391" z="0.480841"/>
      <rotation qx="0.000000" qy="0.000000" qz="0.000000" qw="1.000000"/>
      <scale x="0.481162" y="0.481162" z="0.481162"/>
      <entity name="Cube.039" meshFile="GraveHedge1.mesh"/>
    </node>
    <node name="Cube.030">
      <position x="-10.742142" y="13.142153" z="0.480841"/>
      <rotation qx="0.000000" qy="0.000000" qz="1.000000" qw="0.000000"/>
      <scale x="0.481162" y="0.481162" z="0.481162"/>
      <entity name="Cube.030" meshFile="GraveHedge1.mesh"/>
    </node>
    <node name="Cube.031">
      <position x="-13.629110" y="13.142153" z="0.480841"/>
      <rotation qx="0.000000" qy="0.000000" qz="1.000000" qw="0.000000"/>
      <scale x="0.481162" y="0.481162" z="0.481162"/>
      <entity name="Cube.031" meshFile="GraveHedge1.mesh"/>
    </node>
    <node name="Cube.032">
      <position x="-10.742142" y="-4.468361" z="0.480841"/>
      <rotation qx="0.000000" qy="0.000000" qz="0.000000" qw="1.000000"/>
      <scale x="0.481162" y="0.481162" z="0.481162"/>
      <entity name="Cube.032" meshFile="GraveHedge1.mesh"/>
    </node>
    <node name="Cube.033">
      <position x="-13.629110" y="-4.468361" z="0.480841"/>
      <rotation qx="0.000000" qy="0.000000" qz="0.000000" qw="1.000000"/>
      <scale x="0.481162" y="0.481162" z="0.481162"/>
      <entity name="Cube.033" meshFile="GraveHedge1.mesh"/>
    </node>
    <node name="Cube.034">
      <position x="-16.516083" y="-4.468361" z="0.480841"/>
      <rotation qx="0.000000" qy="0.000000" qz="0.000000" qw="1.000000"/>
      <scale x="0.481162" y="0.481162" z="0.481162"/>
      <entity name="Cube.034" meshFile="GraveHedge1.mesh"/>
    </node>
    <node name="Cube.035">
      <position x="-19.403049" y="-4.468361" z="0.480841"/>
      <rotation qx="0.000000" qy="0.000000" qz="0.000000" qw="1.000000"/>
      <scale x="0.481162" y="0.481162" z="0.481162"/>
      <entity name="Cube.035" meshFile="GraveHedge1.mesh"/>
    </node>
    <node name="Lamp">
      <position x="-2.576351" y="15.197773" z="1.327726"/>
      <rotation qx="0.000000" qy="0.000000" qz="0.000000" qw="1.000000"/>
      <scale x="0.481162" y="0.481162" z="0.481162"/>
      <light name="Lamp" type="point">
        <colourDiffuse r="1.000000" g="0.616146" b="0.000000"/>
        <colourSpecular r="1.000000" g="0.616146" b="0.000000"/>
        <lightAttenuation range="5000.0" constant="1.000000" linear="0.050000" quadratic="0.000000"/>
      </light>
    </node>
    <node name="Cube.049">
      <position x="-17.959564" y="11.554323" z="0.480841"/>
      <rotation qx="0.000000" qy="0.000000" qz="-0.707107" qw="0.707107"/>
      <scale x="0.481162" y="0.481162" z="0.481162"/>
      <entity name="Cube.049" meshFile="GraveHedge1.mesh"/>
    </node>
    <node name="Cube.048">
      <position x="-9.298656" y="11.554323" z="0.480841"/>
      <rotation qx="0.000000" qy="0.000000" qz="-0.707107" qw="0.707107"/>
      <scale x="0.481162" y="0.481162" z="0.481162"/>
      <entity name="Cube.048" meshFile="GraveHedge1.mesh"/>
    </node>
    <node name="Cube.017">
      <position x="3.692710" y="-1.581391" z="0.480841"/>
      <rotation qx="0.000000" qy="0.000000" qz="0.000000" qw="1.000000"/>
      <scale x="0.481162" y="0.481162" z="0.481162"/>
      <entity name="Cube.017" meshFile="GraveHedge1.mesh"/>
    </node>
    <node name="Cube.045">
      <position x="-3.669065" y="5.780382" z="0.480841"/>
      <rotation qx="0.000000" qy="0.000000" qz="-0.707107" qw="0.707107"/>
      <scale x="0.481162" y="0.481162" z="0.481162"/>
      <entity name="Cube.045" meshFile="GraveHedge1.mesh"/>
    </node>
    <node name="Cube.044">
      <position x="-3.669066" y="14.729986" z="0.480841"/>
      <rotation qx="0.000000" qy="0.000000" qz="-0.707107" qw="0.707107"/>
      <scale x="0.481162" y="0.481162" z="0.481162"/>
      <entity name="Cube.044" meshFile="GraveHedge1.mesh"/>
    </node>
    <node name="Cube.047">
      <position x="-13.629110" y="11.554323" z="0.480841"/>
      <rotation qx="0.000000" qy="0.000000" qz="-0.707107" qw="0.707107"/>
      <scale x="0.481162" y="0.481162" z="0.481162"/>
      <entity name="Cube.047" meshFile="GraveHedge1.mesh"/>
    </node>
    <node name="Cube.046">
      <position x="-2.081232" y="13.142153" z="0.480841"/>
      <rotation qx="0.000000" qy="0.000000" qz="1.000000" qw="0.000000"/>
      <scale x="0.481162" y="0.481162" z="0.481162"/>
      <entity name="Cube.046" meshFile="GraveHedge1.mesh"/>
    </node>
    <node name="Cube.041">
      <position x="7.878814" y="14.441290" z="0.480841"/>
      <rotation qx="0.000000" qy="0.000000" qz="-0.707107" qw="0.707107"/>
      <scale x="0.481162" y="0.481162" z="0.481162"/>
      <entity name="Cube.041" meshFile="GraveHedge1.mesh"/>
    </node>
    <node name="Cube.040">
      <position x="-22.001326" y="4.673709" z="0.480841"/>
      <rotation qx="0.000000" qy="0.000000" qz="1.000000" qw="0.000000"/>
      <scale x="0.481162" y="0.481162" z="0.481162"/>
      <entity name="Cube.040" meshFile="GraveHedge1.mesh"/>
    </node>
    <node name="Cube.043">
      <position x="-3.669066" y="17.616959" z="0.480841"/>
      <rotation qx="0.000000" qy="0.000000" qz="-0.707107" qw="0.707107"/>
      <scale x="0.481162" y="0.481162" z="0.481162"/>
      <entity name="Cube.043" meshFile="GraveHedge1.mesh"/>
    </node>
    <node name="Cube.042">
      <position x="7.878814" y="17.328257" z="0.480841"/>
      <rotation qx="0.000000" qy="0.000000" qz="-0.707107" qw="0.707107"/>
      <scale x="0.481162" y="0.481162" z="0.481162"/>
      <entity name="Cube.042" meshFile="GraveHedge1.mesh"/>
    </node>
    <node name="Cube.029">
      <position x="7.878814" y="0.006442" z="0.480841"/>
      <rotation qx="0.000000" qy="0.000000" qz="-0.707107" qw="0.707107"/>
      <scale x="0.481162" y="0.481162" z="0.481162"/>
      <entity name="Cube.029" meshFile="GraveHedge1.mesh"/>
    </node>
    <node name="Cube.028">
      <position x="7.878814" y="2.893411" z="0.480841"/>
      <rotation qx="0.000000" qy="0.000000" qz="-0.707107" qw="0.707107"/>
      <scale x="0.481162" y="0.481162" z="0.481162"/>
      <entity name="Cube.028" meshFile="GraveHedge1.mesh"/>
    </node>
    <node name="Cube.023">
      <position x="6.579675" y="18.916094" z="0.480841"/>
      <rotation qx="0.000000" qy="0.000000" qz="1.000000" qw="0.000000"/>
      <scale x="0.481162" y="0.481162" z="0.481162"/>
      <entity name="Cube.023" meshFile="GraveHedge1.mesh"/>
    </node>
    <node name="Cube.022">
      <position x="3.692710" y="18.916094" z="0.480841"/>
      <rotation qx="0.000000" qy="0.000000" qz="1.000000" qw="0.000000"/>
      <scale x="0.481162" y="0.481162" z="0.481162"/>
      <entity name="Cube.022" meshFile="GraveHedge1.mesh"/>
    </node>
    <node name="Cube.021">
      <position x="0.805739" y="18.916094" z="0.480841"/>
      <rotation qx="0.000000" qy="0.000000" qz="1.000000" qw="0.000000"/>
      <scale x="0.481162" y="0.481162" z="0.481162"/>
      <entity name="Cube.021" meshFile="GraveHedge1.mesh"/>
    </node>
    <node name="Cube.020">
      <position x="-2.081232" y="18.916094" z="0.480841"/>
      <rotation qx="0.000000" qy="0.000000" qz="1.000000" qw="0.000000"/>
      <scale x="0.481162" y="0.481162" z="0.481162"/>
      <entity name="Cube.020" meshFile="GraveHedge1.mesh"/>
    </node>
    <node name="Cube.027">
      <position x="7.878814" y="5.780381" z="0.480841"/>
      <rotation qx="0.000000" qy="0.000000" qz="-0.707107" qw="0.707107"/>
      <scale x="0.481162" y="0.481162" z="0.481162"/>
      <entity name="Cube.027" meshFile="GraveHedge1.mesh"/>
    </node>
    <node name="Cube.026">
      <position x="7.878814" y="8.667352" z="0.480841"/>
      <rotation qx="0.000000" qy="0.000000" qz="-0.707107" qw="0.707107"/>
      <scale x="0.481162" y="0.481162" z="0.481162"/>
      <entity name="Cube.026" meshFile="GraveHedge1.mesh"/>
    </node>
    <node name="Cube.025">
      <position x="7.878814" y="11.554323" z="0.480841"/>
      <rotation qx="0.000000" qy="0.000000" qz="-0.707107" qw="0.707107"/>
      <scale x="0.481162" y="0.481162" z="0.481162"/>
      <entity name="Cube.025" meshFile="GraveHedge1.mesh"/>
    </node>
    <node name="Cube.024">
      <position x="6.579675" y="-1.581391" z="0.480841"/>
      <rotation qx="0.000000" qy="0.000000" qz="0.000000" qw="1.000000"/>
      <scale x="0.481162" y="0.481162" z="0.481162"/>
      <entity name="Cube.024" meshFile="GraveHedge1.mesh"/>
    </node>
    <node name="Cube.010">
      <position x="-16.516083" y="13.142153" z="0.480841"/>
      <rotation qx="0.000000" qy="0.000000" qz="1.000000" qw="0.000000"/>
      <scale x="0.481162" y="0.481162" z="0.481162"/>
      <entity name="Cube.010" meshFile="GraveHedge1.mesh"/>
    </node>
    <node name="MonumentTop1.003">
      <position x="-2.554291" y="15.668251" z="0.800766"/>
      <rotation qx="0.000000" qy="0.000000" qz="-0.707107" qw="0.707107"/>
      <scale x="0.800268" y="0.800268" z="0.800268"/>
      <entity name="MonumentTop1.003" meshFile="MonumentTop1.mesh"/>
    </node>
    <node name="MonumentTop1.002">
      <position x="-15.409410" y="12.356341" z="0.800766"/>
      <rotation qx="0.000000" qy="0.000000" qz="0.000000" qw="1.000000"/>
      <scale x="0.800268" y="0.800268" z="0.800268"/>
      <entity name="MonumentTop1.002" meshFile="MonumentTop1.mesh"/>
    </node>
    <node name="MonumentTop1.001">
      <position x="-11.078954" y="12.356341" z="0.800766"/>
      <rotation qx="0.000000" qy="0.000000" qz="0.000000" qw="1.000000"/>
      <scale x="0.800268" y="0.800268" z="0.800268"/>
      <entity name="MonumentTop1.001" meshFile="MonumentTop1.mesh"/>
    </node>
    <node name="Marker">
      <position x="-18.079634" y="7.914317" z="20.726557"/>
      <rotation qx="0.000000" qy="0.000000" qz="0.000000" qw="1.000000"/>
      <scale x="1.000000" y="1.000000" z="1.000000"/>
      <entity name="Marker" meshFile="Marker.mesh"/>
      <userData>
        <property type="STRING" name="Type" data="Monster"/>
      </userData>
    </node>
    <node name="Cube.018">
      <position x="-7.855171" y="13.142153" z="0.480841"/>
      <rotation qx="0.000000" qy="0.000000" qz="1.000000" qw="0.000000"/>
      <scale x="0.481162" y="0.481162" z="0.481162"/>
      <entity name="Cube.018" meshFile="GraveHedge1.mesh"/>
    </node>
    <node name="Cube.019">
      <position x="-4.968202" y="13.142153" z="0.480841"/>
      <rotation qx="0.000000" qy="0.000000" qz="1.000000" qw="0.000000"/>
      <scale x="0.481162" y="0.481162" z="0.481162"/>
      <entity name="Cube.019" meshFile="GraveHedge1.mesh"/>
    </node>
    <node name="Cube.016">
      <position x="-23.589155" y="11.554323" z="0.480841"/>
      <rotation qx="0.000000" qy="0.000000" qz="-0.707107" qw="0.707107"/>
      <scale x="0.481162" y="0.481162" z="0.481162"/>
      <entity name="Cube.016" meshFile="GraveHedge1.mesh"/>
    </node>
    <node name="Tombstone3.001">
      <position x="-0.878327" y="3.374573" z="0.528957"/>
      <rotation qx="0.000000" qy="0.000000" qz="0.000000" qw="1.000000"/>
      <scale x="0.529278" y="0.529278" z="0.529278"/>
      <entity name="Tombstone3.001" meshFile="Tombstone3.mesh"/>
    </node>
    <node name="Tombstone3.002">
      <position x="-4.246459" y="9.148514" z="0.446117"/>
      <rotation qx="0.034150" qy="-0.014800" qz="-0.005632" qw="0.999291"/>
      <scale x="0.529278" y="0.529278" z="0.529278"/>
      <entity name="Tombstone3.002" meshFile="Tombstone3.mesh"/>
    </node>
    <node name="Tombstone3.003">
      <position x="7.301421" y="10.591997" z="0.528957"/>
      <rotation qx="0.000000" qy="0.000000" qz="0.000000" qw="1.000000"/>
      <scale x="0.529278" y="0.529278" z="0.529278"/>
      <entity name="Tombstone3.003" meshFile="Tombstone3.mesh"/>
    </node>
    <node name="Tombstone3.004">
      <position x="-16.275499" y="4.336896" z="0.528957"/>
      <rotation qx="0.000000" qy="0.000000" qz="0.000000" qw="1.000000"/>
      <scale x="0.529278" y="0.529278" z="0.529278"/>
      <entity name="Tombstone3.004" meshFile="Tombstone3.mesh"/>
    </node>
    <node name="Tombstone3.005">
      <position x="-20.124794" y="12.035482" z="0.528957"/>
      <rotation qx="0.000000" qy="0.000000" qz="0.000000" qw="1.000000"/>
      <scale x="0.529278" y="0.529278" z="0.529278"/>
      <entity name="Tombstone3.005" meshFile="Tombstone3.mesh"/>
    </node>
    <node name="Tombstone3.006">
      <position x="-22.049437" y="3.855735" z="0.528957"/>
      <rotation qx="0.000000" qy="0.000000" qz="0.000000" qw="1.000000"/>
      <scale x="0.529278" y="0.529278" z="0.529278"/>
      <entity name="Tombstone3.006" meshFile="Tombstone3.mesh"/>
    </node>
    <node name="Cube.011">
      <position x="-19.403049" y="13.142153" z="0.480841"/>
      <rotation qx="0.000000" qy="0.000000" qz="1.000000" qw="0.000000"/>
      <scale x="0.481162" y="0.481162" z="0.481162"/>
      <entity name="Cube.011" meshFile="GraveHedge1.mesh"/>
    </node>
    <node name="Tombstone2.005">
      <position x="-2.658626" y="4.769942" z="0.480841"/>
      <rotation qx="0.000000" qy="0.000000" qz="1.000000" qw="0.000000"/>
      <scale x="0.481162" y="0.481162" z="0.481162"/>
      <entity name="Tombstone2.005" meshFile="Tombstone2.mesh"/>
    </node>
    <node name="Tombstone2.004">
      <position x="2.634153" y="-1.003997" z="0.480841"/>
      <rotation qx="0.000000" qy="0.000000" qz="1.000000" qw="0.000000"/>
      <scale x="0.481162" y="0.481162" z="0.481162"/>
      <entity name="Tombstone2.004" meshFile="Tombstone2.mesh"/>
    </node>
    <node name="Tombstone2.007">
      <position x="-6.989079" y="12.468529" z="0.480841"/>
      <rotation qx="0.000000" qy="0.000000" qz="-0.000000" qw="1.000000"/>
      <scale x="0.481162" y="0.481162" z="0.481162"/>
      <entity name="Tombstone2.007" meshFile="Tombstone2.mesh"/>
    </node>
    <node name="Cube.002">
      <position x="-3.669065" y="-5.767498" z="0.480841"/>
      <rotation qx="0.000000" qy="0.000000" qz="-0.707107" qw="0.707107"/>
      <scale x="0.481162" y="0.481162" z="0.481162"/>
      <entity name="Cube.002" meshFile="GraveHedge1.mesh"/>
    </node>
    <node name="Cube.005">
      <position x="-3.669065" y="11.554323" z="0.480841"/>
      <rotation qx="0.000000" qy="0.000000" qz="-0.707107" qw="0.707107"/>
      <scale x="0.481162" y="0.481162" z="0.481162"/>
      <entity name="Cube.005" meshFile="GraveHedge1.mesh"/>
    </node>
    <node name="Cube.004">
      <position x="0.805739" y="-4.468361" z="0.480841"/>
      <rotation qx="0.000000" qy="0.000000" qz="0.000000" qw="1.000000"/>
      <scale x="0.481162" y="0.481162" z="0.481162"/>
      <entity name="Cube.004" meshFile="GraveHedge1.mesh"/>
    </node>
    <node name="Tombstone2.003">
      <position x="-4.102111" y="6.213427" z="0.480841"/>
      <rotation qx="0.000000" qy="0.000000" qz="-0.707107" qw="0.707107"/>
      <scale x="0.481162" y="0.481162" z="0.481162"/>
      <entity name="Tombstone2.003" meshFile="Tombstone2.mesh"/>
    </node>
    <node name="Cube.006">
      <position x="2.393570" y="-3.169224" z="0.480841"/>
      <rotation qx="0.000000" qy="0.000000" qz="0.707107" qw="0.707107"/>
      <scale x="0.481162" y="0.481162" z="0.481162"/>
      <entity name="Cube.006" meshFile="GraveHedge1.mesh"/>
    </node>
    <node name="Cube.009">
      <position x="-2.369928" y="4.192548" z="0.480841"/>
      <rotation qx="0.000000" qy="0.000000" qz="1.000000" qw="0.000000"/>
      <scale x="0.481162" y="0.481162" z="0.481162"/>
      <entity name="Cube.009" meshFile="GraveHedge1.mesh"/>
    </node>
    <node name="Cube.008">
      <position x="0.517041" y="4.192548" z="0.480841"/>
      <rotation qx="0.000000" qy="0.000000" qz="1.000000" qw="0.000000"/>
      <scale x="0.481162" y="0.481162" z="0.481162"/>
      <entity name="Cube.008" meshFile="GraveHedge1.mesh"/>
    </node>
    <node name="Tombstone2.009">
      <position x="-16.612314" y="-3.890968" z="0.480841"/>
      <rotation qx="0.000000" qy="0.000000" qz="1.000000" qw="0.000000"/>
      <scale x="0.481162" y="0.481162" z="0.481162"/>
      <entity name="Tombstone2.009" meshFile="Tombstone2.mesh"/>
    </node>
    <node name="Tombstone2.008">
      <position x="-22.867414" y="10.062721" z="0.456591"/>
      <rotation qx="0.039196" qy="0.029351" qz="0.702157" qw="0.710336"/>
      <scale x="0.481162" y="0.481162" z="0.481162"/>
      <entity name="Tombstone2.008" meshFile="Tombstone2.mesh"/>
    </node>
    <node name="MonumentTop1">
      <position x="6.972707" y="1.329637" z="0.800766"/>
      <rotation qx="0.000000" qy="0.000000" qz="-0.707107" qw="0.707107"/>
      <scale x="0.800268" y="0.800268" z="0.800268"/>
      <entity name="MonumentTop1" meshFile="MonumentTop1.mesh"/>
    </node>
    <node name="Lamp.001">
      <position x="-2.555220" y="16.930540" z="1.327726"/>
      <rotation qx="0.000000" qy="0.000000" qz="0.000000" qw="1.000000"/>
      <scale x="0.481162" y="0.481162" z="0.481162"/>
      <light name="Lamp" type="point">
        <colourDiffuse r="1.000000" g="0.616146" b="0.000000"/>
        <colourSpecular r="1.000000" g="0.616146" b="0.000000"/>
        <lightAttenuation range="5000.0" constant="1.000000" linear="0.050000" quadratic="0.000000"/>
      </light>
    </node>
  </nodes>
  <externals>
    <item type="material">
      <file name="Scene.material"/>
    </item>
  </externals>
  <environment>
    <colourAmbient r="0.000000" g="0.000000" b="0.000000"/>
    <colourBackground r="0.056563" g="0.220815" b="0.400000"/>
  </environment>
</scene>
