<scene formatVersion="0.2.0">
  <nodes>
    <node name="Cube.076">
      <position x="8.000000" y="18.000000" z="10.000000"/>
      <rotation qx="0.000000" qy="0.000000" qz="0.707107" qw="0.707107"/>
      <scale x="1.000000" y="1.000000" z="1.000000"/>
      <entity name="Cube.076" meshFile="DRamp1.mesh"/>
    </node>
    <node name="Brazier2.009">
      <position x="8.878145" y="15.994124" z="0.214970"/>
      <rotation qx="0.000000" qy="0.000000" qz="-0.707107" qw="0.707107"/>
      <scale x="0.413576" y="0.413576" z="0.413576"/>
      <entity name="Brazier2.009" meshFile="Marker.mesh"/>
      <userData>
        <property type="STRING" name="Type" data="Corona1"/>
      </userData>
    </node>
    <node name="Brazier2.008">
      <position x="-0.891576" y="7.190634" z="0.144382"/>
      <rotation qx="0.000000" qy="0.000000" qz="0.707107" qw="0.707107"/>
      <scale x="1.000000" y="1.000000" z="1.000000"/>
      <entity name="Brazier2.008" meshFile="Marker.mesh"/>
      <userData>
        <property type="STRING" name="Type" data="Emitter"/>
        <property type="STRING" name="Set" data="torchfire1"/>
      </userData>
    </node>
    <node name="Brazier2.005">
      <position x="8.013256" y="15.964647" z="-0.249087"/>
      <rotation qx="0.000000" qy="0.000000" qz="0.000000" qw="1.000000"/>
      <scale x="1.000000" y="1.000000" z="1.000000"/>
      <entity name="Brazier2.005" meshFile="Marker.mesh"/>
      <userData>
        <property type="STRING" name="Type" data="Monster"/>
      </userData>
    </node>
    <node name="Brazier2.004">
      <position x="8.897666" y="21.985884" z="5.145212"/>
      <rotation qx="0.000000" qy="0.000000" qz="0.707107" qw="0.707107"/>
      <scale x="1.000000" y="1.000000" z="1.000000"/>
      <entity name="Brazier2.004" meshFile="Marker.mesh"/>
      <userData>
        <property type="STRING" name="Type" data="Emitter"/>
        <property type="STRING" name="Set" data="torchfire1"/>
      </userData>
    </node>
    <node name="Brazier2.007">
      <position x="-8.891265" y="8.003635" z="0.145213"/>
      <rotation qx="0.000000" qy="0.000000" qz="0.707107" qw="0.707107"/>
      <scale x="1.000000" y="1.000000" z="1.000000"/>
      <entity name="Brazier2.007" meshFile="Marker.mesh"/>
      <userData>
        <property type="STRING" name="Type" data="Emitter"/>
        <property type="STRING" name="Set" data="torchfire1"/>
      </userData>
    </node>
    <node name="Brazier2.006">
      <position x="8.901355" y="21.990934" z="5.214970"/>
      <rotation qx="0.000000" qy="0.000000" qz="0.707107" qw="0.707107"/>
      <scale x="0.413576" y="0.413576" z="0.413576"/>
      <entity name="Brazier2.006" meshFile="Marker.mesh"/>
      <userData>
        <property type="STRING" name="Type" data="Corona1"/>
      </userData>
    </node>
    <node name="Brazier2.001">
      <position x="-8.891265" y="4.003635" z="0.145213"/>
      <rotation qx="0.000000" qy="0.000000" qz="0.707107" qw="0.707107"/>
      <scale x="1.000000" y="1.000000" z="1.000000"/>
      <entity name="Brazier2.001" meshFile="Marker.mesh"/>
      <userData>
        <property type="STRING" name="Type" data="Emitter"/>
        <property type="STRING" name="Set" data="torchfire1"/>
      </userData>
    </node>
    <node name="Brazier2.003">
      <position x="-0.895333" y="21.996023" z="0.145212"/>
      <rotation qx="0.000000" qy="0.000000" qz="-0.707107" qw="0.707107"/>
      <scale x="1.000000" y="1.000000" z="1.000000"/>
      <entity name="Brazier2.003" meshFile="Marker.mesh"/>
      <userData>
        <property type="STRING" name="Type" data="Emitter"/>
        <property type="STRING" name="Set" data="torchfire1"/>
      </userData>
    </node>
    <node name="Brazier2.002">
      <position x="-0.899022" y="21.990973" z="0.214970"/>
      <rotation qx="0.000000" qy="0.000000" qz="-0.707107" qw="0.707107"/>
      <scale x="0.413576" y="0.413576" z="0.413576"/>
      <entity name="Brazier2.002" meshFile="Marker.mesh"/>
      <userData>
        <property type="STRING" name="Type" data="Corona1"/>
      </userData>
    </node>
    <node name="Cube.083">
      <position x="8.000000" y="14.000000" z="9.996359"/>
      <rotation qx="0.000000" qy="0.000000" qz="-0.707107" qw="0.707107"/>
      <scale x="1.000000" y="1.000000" z="1.000000"/>
      <entity name="Cube.083" meshFile="DDoorway1.mesh"/>
    </node>
    <node name="Lamp.012">
      <position x="7.541459" y="11.881607" z="10.149776"/>
      <rotation qx="0.500000" qy="-0.500000" qz="-0.500000" qw="0.500000"/>
      <scale x="1.000000" y="1.000000" z="1.000000"/>
      <light name="Lamp" type="point">
        <colourDiffuse r="1.000000" g="0.534611" b="0.090050"/>
        <colourSpecular r="1.000000" g="0.534611" b="0.090050"/>
        <lightAttenuation range="5000.0" constant="1.000000" linear="0.400000" quadratic="0.000000"/>
      </light>
    </node>
    <node name="Lamp.011">
      <position x="-0.481650" y="7.191893" z="0.149775"/>
      <rotation qx="0.500000" qy="0.500000" qz="0.500000" qw="0.500000"/>
      <scale x="1.000000" y="1.000000" z="1.000000"/>
      <light name="Lamp.004" type="point">
        <colourDiffuse r="1.486021" g="0.740624" b="0.133816"/>
        <colourSpecular r="1.486021" g="0.740624" b="0.133816"/>
        <lightAttenuation range="5000.0" constant="1.000000" linear="0.333333" quadratic="0.000000"/>
      </light>
    </node>
    <node name="Lamp.010">
      <position x="-8.715891" y="8.000115" z="0.149775"/>
      <rotation qx="0.500000" qy="0.500000" qz="0.500000" qw="0.500000"/>
      <scale x="1.000000" y="1.000000" z="1.000000"/>
      <light name="Lamp.002" type="point">
        <colourDiffuse r="1.431617" g="0.699425" b="0.000000"/>
        <colourSpecular r="1.431617" g="0.699425" b="0.000000"/>
        <lightAttenuation range="5000.0" constant="1.000000" linear="0.333333" quadratic="0.000000"/>
      </light>
    </node>
    <node name="Cube.101">
      <position x="12.000000" y="8.000000" z="9.996359"/>
      <rotation qx="0.000000" qy="0.000000" qz="-0.000000" qw="1.000000"/>
      <scale x="1.000000" y="1.000000" z="1.000000"/>
      <entity name="Cube.101" meshFile="DDoorway2.mesh"/>
    </node>
    <node name="Cube.102">
      <position x="8.000007" y="5.000000" z="10.000000"/>
      <rotation qx="0.000000" qy="0.000000" qz="0.707107" qw="0.707107"/>
      <scale x="1.000000" y="1.000000" z="1.000000"/>
      <entity name="Cube.102" meshFile="DRoomWall1.mesh"/>
    </node>
    <node name="Cube.179">
      <position x="-0.322871" y="4.643708" z="-0.108479"/>
      <rotation qx="0.279492" qy="-0.000856" qz="0.886037" qw="0.369895"/>
      <scale x="1.010392" y="1.010392" z="1.075623"/>
      <entity name="Cube.179" meshFile="Skull_1.mesh"/>
      <userData>
        <property type="STRING" name="Type" data="Prop"/>
        <property type="STRING" name="Set" data="old_skull"/>
      </userData>
    </node>
    <node name="Cube.178">
      <position x="6.000000" y="16.000000" z="0.000000"/>
      <rotation qx="0.000000" qy="0.000000" qz="0.707107" qw="0.707107"/>
      <scale x="1.000000" y="1.000000" z="1.000000"/>
      <entity name="Cube.178" meshFile="DAlcove1.mesh"/>
    </node>
    <node name="Cube.177">
      <position x="8.000000" y="14.000000" z="0.000000"/>
      <rotation qx="0.000000" qy="0.000000" qz="-0.000000" qw="1.000000"/>
      <scale x="1.000000" y="1.000000" z="1.000000"/>
      <entity name="Cube.177" meshFile="DAlcove1.mesh"/>
    </node>
    <node name="Brazier2.020">
      <position x="7.742454" y="9.437353" z="9.750914"/>
      <rotation qx="0.000000" qy="0.000000" qz="0.000000" qw="1.000000"/>
      <scale x="1.000000" y="1.000000" z="1.000000"/>
      <entity name="Brazier2.020" meshFile="Marker.mesh"/>
      <userData>
        <property type="STRING" name="Type" data="Prop"/>
        <property type="STRING" name="Set" data="bones1"/>
      </userData>
    </node>
    <node name="Cube">
      <position x="0.000000" y="18.000000" z="0.000000"/>
      <rotation qx="0.000000" qy="0.000000" qz="0.707107" qw="0.707107"/>
      <scale x="1.000000" y="1.000000" z="1.000000"/>
      <entity name="Cube" meshFile="DLongHall1.mesh"/>
    </node>
    <node name="Cube.180">
      <position x="0.412389" y="4.704980" z="-0.108479"/>
      <rotation qx="0.196961" qy="-0.343439" qz="0.442728" qw="0.804517"/>
      <scale x="1.010392" y="1.010392" z="1.075623"/>
      <entity name="Cube.180" meshFile="Skull_1.mesh"/>
      <userData>
        <property type="STRING" name="Type" data="Prop"/>
        <property type="STRING" name="Set" data="old_skull"/>
      </userData>
    </node>
    <node name="Cube.181">
      <position x="-6.388771" y="2.683013" z="-0.108479"/>
      <rotation qx="0.196961" qy="-0.343439" qz="0.442728" qw="0.804517"/>
      <scale x="1.010392" y="1.010392" z="1.075623"/>
      <entity name="Cube.181" meshFile="Skull_1.mesh"/>
      <userData>
        <property type="STRING" name="Type" data="Prop"/>
        <property type="STRING" name="Set" data="old_skull"/>
      </userData>
    </node>
    <node name="Cube.182">
      <position x="-5.653511" y="2.744285" z="-0.108479"/>
      <rotation qx="0.367527" qy="0.906555" qz="0.028904" qw="0.205538"/>
      <scale x="1.010392" y="1.010392" z="1.075623"/>
      <entity name="Cube.182" meshFile="Skull_1.mesh"/>
      <userData>
        <property type="STRING" name="Type" data="Prop"/>
        <property type="STRING" name="Set" data="old_skull"/>
      </userData>
    </node>
    <node name="Cube.183">
      <position x="-9.268541" y="6.236773" z="-0.108479"/>
      <rotation qx="0.104287" qy="-0.137835" qz="-0.447997" qw="0.877168"/>
      <scale x="1.010392" y="1.010392" z="1.075623"/>
      <entity name="Cube.183" meshFile="Skull_1.mesh"/>
      <userData>
        <property type="STRING" name="Type" data="Prop"/>
        <property type="STRING" name="Set" data="old_skull"/>
      </userData>
    </node>
    <node name="Cube.184">
      <position x="-6.388771" y="9.300358" z="-0.108479"/>
      <rotation qx="-0.074632" qy="-0.155898" qz="-0.984940" qw="0.004339"/>
      <scale x="1.010392" y="1.010392" z="1.075623"/>
      <entity name="Cube.184" meshFile="Skull_1.mesh"/>
      <userData>
        <property type="STRING" name="Type" data="Prop"/>
        <property type="STRING" name="Set" data="old_skull"/>
      </userData>
    </node>
    <node name="Cube.185">
      <position x="-6.021141" y="9.177814" z="-0.108479"/>
      <rotation qx="-0.014815" qy="-0.172205" qz="-0.920043" qw="0.351635"/>
      <scale x="1.010392" y="1.010392" z="1.075623"/>
      <entity name="Cube.185" meshFile="Skull_1.mesh"/>
      <userData>
        <property type="STRING" name="Type" data="Prop"/>
        <property type="STRING" name="Set" data="old_skull"/>
      </userData>
    </node>
    <node name="Cube.186">
      <position x="1.339915" y="6.284447" z="-0.108479"/>
      <rotation qx="0.172410" qy="0.012207" qz="0.490740" qw="0.853991"/>
      <scale x="1.010392" y="1.010392" z="1.075623"/>
      <entity name="Cube.186" meshFile="Skull_1.mesh"/>
      <userData>
        <property type="STRING" name="Type" data="Prop"/>
        <property type="STRING" name="Set" data="old_skull"/>
      </userData>
    </node>
    <node name="Cube.187">
      <position x="5.552310" y="10.709591" z="-0.108479"/>
      <rotation qx="0.090988" qy="-0.146954" qz="-0.527794" qw="0.831600"/>
      <scale x="1.010392" y="1.010392" z="1.075623"/>
      <entity name="Cube.187" meshFile="Skull_1.mesh"/>
      <userData>
        <property type="STRING" name="Type" data="Prop"/>
        <property type="STRING" name="Set" data="old_skull"/>
      </userData>
    </node>
    <node name="Cube.188">
      <position x="9.254113" y="14.453943" z="-0.108479"/>
      <rotation qx="-0.007980" qy="-0.172657" qz="-0.905387" qw="0.387814"/>
      <scale x="1.010392" y="1.010392" z="1.075623"/>
      <entity name="Cube.188" meshFile="Skull_1.mesh"/>
      <userData>
        <property type="STRING" name="Type" data="Prop"/>
        <property type="STRING" name="Set" data="old_skull"/>
      </userData>
    </node>
    <node name="Cube.189">
      <position x="9.339212" y="13.773152" z="-0.108479"/>
      <rotation qx="-0.216466" qy="0.962229" qz="-0.122487" qw="0.110705"/>
      <scale x="1.010392" y="1.010392" z="1.075623"/>
      <entity name="Cube.189" meshFile="Skull_1.mesh"/>
      <userData>
        <property type="STRING" name="Type" data="Prop"/>
        <property type="STRING" name="Set" data="old_skull"/>
      </userData>
    </node>
    <node name="Cube.124">
      <position x="-1.241947" y="13.589378" z="-0.108479"/>
      <rotation qx="0.232368" qy="-0.155311" qz="0.533544" qw="0.798257"/>
      <scale x="1.010392" y="1.010392" z="1.075623"/>
      <entity name="Cube.124" meshFile="Skull_1.mesh"/>
      <userData>
        <property type="STRING" name="Type" data="Prop"/>
        <property type="STRING" name="Set" data="old_skull"/>
      </userData>
    </node>
    <node name="Cube.193">
      <position x="6.000000" y="15.500000" z="-0.500000"/>
      <rotation qx="0.000000" qy="0.000000" qz="0.720516" qw="0.693438"/>
      <scale x="1.000000" y="1.000000" z="1.000000"/>
      <entity name="Cube.193" meshFile="Sarco1_Cover.mesh"/>
    </node>
    <node name="Cube.192">
      <position x="6.000000" y="15.500000" z="-0.700000"/>
      <rotation qx="0.000000" qy="0.000000" qz="0.707107" qw="0.707107"/>
      <scale x="1.000000" y="1.000000" z="1.000000"/>
      <entity name="Cube.192" meshFile="Sarco1.mesh"/>
    </node>
    <node name="Cube.191">
      <position x="6.535172" y="17.287725" z="-0.108479"/>
      <rotation qx="0.458310" qy="0.873323" qz="-0.165025" qw="0.005013"/>
      <scale x="1.010392" y="1.010392" z="1.075624"/>
      <entity name="Cube.191" meshFile="Skull_1.mesh"/>
      <userData>
        <property type="STRING" name="Type" data="Prop"/>
        <property type="STRING" name="Set" data="old_skull"/>
      </userData>
    </node>
    <node name="Cube.190">
      <position x="5.436462" y="17.335701" z="-0.108479"/>
      <rotation qx="-0.216466" qy="0.962229" qz="-0.122487" qw="0.110705"/>
      <scale x="1.010392" y="1.010392" z="1.075623"/>
      <entity name="Cube.190" meshFile="Skull_1.mesh"/>
      <userData>
        <property type="STRING" name="Type" data="Prop"/>
        <property type="STRING" name="Set" data="old_skull"/>
      </userData>
    </node>
    <node name="Cube.196">
      <position x="5.793641" y="12.575982" z="-0.815890"/>
      <rotation qx="0.168795" qy="-0.037181" qz="0.228450" qw="0.958090"/>
      <scale x="1.010392" y="1.010392" z="1.075623"/>
      <entity name="Cube.196" meshFile="Skull_1.mesh"/>
      <userData>
        <property type="STRING" name="Type" data="Prop"/>
        <property type="STRING" name="Set" data="old_skull"/>
      </userData>
    </node>
    <node name="Cube.195">
      <position x="6.000000" y="12.500000" z="-0.700000"/>
      <rotation qx="0.000000" qy="0.000000" qz="0.707107" qw="0.707107"/>
      <scale x="1.000000" y="1.000000" z="1.000000"/>
      <entity name="Cube.195" meshFile="Sarco1.mesh"/>
    </node>
    <node name="Cube.194">
      <position x="6.410196" y="12.622933" z="-0.500000"/>
      <rotation qx="0.000000" qy="0.000000" qz="0.825704" qw="0.564104"/>
      <scale x="1.000000" y="1.000000" z="1.000000"/>
      <entity name="Cube.194" meshFile="Sarco1_Cover.mesh"/>
    </node>
    <node name="Brazier2.016">
      <position x="10.596035" y="9.327549" z="9.750913"/>
      <rotation qx="0.000000" qy="0.000000" qz="0.000000" qw="1.000000"/>
      <scale x="1.000000" y="1.000000" z="1.000000"/>
      <entity name="Brazier2.016" meshFile="Marker.mesh"/>
      <userData>
        <property type="STRING" name="Type" data="Prop"/>
        <property type="STRING" name="Set" data="braziers1"/>
      </userData>
    </node>
    <node name="Door.002">
      <position x="2.003304" y="14.000000" z="-0.200000"/>
      <rotation qx="0.000000" qy="0.000000" qz="-0.000000" qw="1.000000"/>
      <scale x="0.975279" y="0.975279" z="0.975279"/>
      <entity name="Door.002" meshFile="D_Door2.mesh"/>
      <userData>
        <property type="STRING" name="Type" data="Door_1"/>
      </userData>
    </node>
    <node name="Door.003">
      <position x="-1.996696" y="6.000000" z="-0.200000"/>
      <rotation qx="0.000000" qy="0.000000" qz="1.000000" qw="0.000000"/>
      <scale x="0.975279" y="0.975279" z="0.975279"/>
      <entity name="Door.003" meshFile="D_Door2.mesh"/>
      <userData>
        <property type="STRING" name="Type" data="Door_1"/>
      </userData>
    </node>
    <node name="Door.001">
      <position x="12.000000" y="8.000000" z="9.996359"/>
      <rotation qx="0.000000" qy="0.000000" qz="-0.000000" qw="1.000000"/>
      <scale x="1.000000" y="1.000000" z="1.000000"/>
      <entity name="Door.001" meshFile="D_Door1.mesh"/>
      <userData>
        <property type="STRING" name="Type" data="Entrance"/>
        <property type="INT" name="ExitNum" data="0"/>
      </userData>
    </node>
    <node name="Door.004">
      <position x="8.003304" y="13.000000" z="9.800000"/>
      <rotation qx="0.000000" qy="0.000000" qz="0.707107" qw="0.707107"/>
      <scale x="0.975279" y="0.975279" z="0.975279"/>
      <entity name="Door.004" meshFile="D_Door2.mesh"/>
      <userData>
        <property type="STRING" name="Type" data="Door_1"/>
      </userData>
    </node>
    <node name="Cube.031">
      <position x="4.000000" y="22.000000" z="5.000000"/>
      <rotation qx="0.000000" qy="0.000000" qz="1.000000" qw="0.000000"/>
      <scale x="1.000000" y="1.000000" z="1.000000"/>
      <entity name="Cube.031" meshFile="DRamp1.mesh"/>
    </node>
    <node name="Brazier2.015">
      <position x="10.536943" y="6.598012" z="9.750913"/>
      <rotation qx="0.000000" qy="0.000000" qz="0.000000" qw="1.000000"/>
      <scale x="1.000000" y="1.000000" z="1.000000"/>
      <entity name="Brazier2.015" meshFile="Marker.mesh"/>
      <userData>
        <property type="STRING" name="Type" data="Prop"/>
        <property type="STRING" name="Set" data="braziers1"/>
      </userData>
    </node>
    <node name="Lamp">
      <position x="-8.715891" y="4.000115" z="0.149775"/>
      <rotation qx="0.500000" qy="0.500000" qz="0.500000" qw="0.500000"/>
      <scale x="1.000000" y="1.000000" z="1.000000"/>
      <light name="Lamp.002" type="point">
        <colourDiffuse r="1.431617" g="0.699425" b="0.000000"/>
        <colourSpecular r="1.431617" g="0.699425" b="0.000000"/>
        <lightAttenuation range="5000.0" constant="1.000000" linear="0.333333" quadratic="0.000000"/>
      </light>
    </node>
    <node name="Cube.042">
      <position x="0.000000" y="14.000000" z="0.000000"/>
      <rotation qx="0.000000" qy="0.000000" qz="1.000000" qw="0.000000"/>
      <scale x="1.000000" y="1.000000" z="1.000000"/>
      <entity name="Cube.042" meshFile="DAlcove1.mesh"/>
    </node>
    <node name="Cube.029">
      <position x="6.000000" y="12.000000" z="0.000000"/>
      <rotation qx="0.000000" qy="0.000000" qz="-0.707107" qw="0.707107"/>
      <scale x="1.000000" y="1.000000" z="1.000000"/>
      <entity name="Cube.029" meshFile="DAlcove1.mesh"/>
    </node>
    <node name="Cube.028">
      <position x="-6.000000" y="4.000000" z="0.000000"/>
      <rotation qx="0.000000" qy="0.000000" qz="-0.707107" qw="0.707107"/>
      <scale x="1.000000" y="1.000000" z="1.000000"/>
      <entity name="Cube.028" meshFile="DAlcove1.mesh"/>
    </node>
    <node name="Cube.023">
      <position x="-6.000000" y="6.000000" z="0.000000"/>
      <rotation qx="0.000000" qy="0.000000" qz="0.000000" qw="1.000000"/>
      <scale x="1.000000" y="1.000000" z="1.000000"/>
      <entity name="Cube.023" meshFile="DNRoom1.mesh"/>
    </node>
    <node name="Cube.022">
      <position x="0.000000" y="6.000000" z="0.000000"/>
      <rotation qx="0.000000" qy="0.000000" qz="-0.707107" qw="0.707107"/>
      <scale x="1.000000" y="1.000000" z="1.000000"/>
      <entity name="Cube.022" meshFile="DAlcove1.mesh"/>
    </node>
    <node name="Cube.020">
      <position x="0.000000" y="6.000000" z="0.000000"/>
      <rotation qx="0.000000" qy="0.000000" qz="0.000000" qw="1.000000"/>
      <scale x="1.000000" y="1.000000" z="1.000000"/>
      <entity name="Cube.020" meshFile="DAlcove1.mesh"/>
    </node>
    <node name="Cube.027">
      <position x="-8.000000" y="6.000000" z="0.000000"/>
      <rotation qx="0.000000" qy="0.000000" qz="1.000000" qw="0.000000"/>
      <scale x="1.000000" y="1.000000" z="1.000000"/>
      <entity name="Cube.027" meshFile="DAlcove1.mesh"/>
    </node>
    <node name="Cube.026">
      <position x="-6.000000" y="8.000000" z="0.000000"/>
      <rotation qx="0.000000" qy="0.000000" qz="0.707107" qw="0.707107"/>
      <scale x="1.000000" y="1.000000" z="1.000000"/>
      <entity name="Cube.026" meshFile="DAlcove1.mesh"/>
    </node>
    <node name="Cube.025">
      <position x="-2.000000" y="6.000000" z="-0.003642"/>
      <rotation qx="0.000000" qy="0.000000" qz="1.000000" qw="0.000000"/>
      <scale x="1.000000" y="1.000000" z="1.000000"/>
      <entity name="Cube.025" meshFile="DDoorway2.mesh"/>
    </node>
    <node name="Cube.024">
      <position x="-2.000000" y="6.000000" z="-0.003642"/>
      <rotation qx="0.000000" qy="0.000000" qz="0.000000" qw="1.000000"/>
      <scale x="1.000000" y="1.000000" z="1.000000"/>
      <entity name="Cube.024" meshFile="DDoorway2.mesh"/>
    </node>
    <node name="Brazier2.030">
      <position x="-8.878510" y="8.006079" z="0.214970"/>
      <rotation qx="0.000000" qy="0.000000" qz="0.707107" qw="0.707107"/>
      <scale x="0.413576" y="0.413576" z="0.413576"/>
      <entity name="Brazier2.030" meshFile="Marker.mesh"/>
      <userData>
        <property type="STRING" name="Type" data="Corona1"/>
      </userData>
    </node>
    <node name="Brazier2.027">
      <position x="-0.878517" y="7.193700" z="0.214970"/>
      <rotation qx="0.000000" qy="0.000000" qz="0.707107" qw="0.707107"/>
      <scale x="0.413576" y="0.413576" z="0.413576"/>
      <entity name="Brazier2.027" meshFile="Marker.mesh"/>
      <userData>
        <property type="STRING" name="Type" data="Corona1"/>
      </userData>
    </node>
    <node name="Torch">
      <position x="-9.001775" y="3.999906" z="0.015322"/>
      <rotation qx="0.000000" qy="0.000000" qz="-0.707107" qw="0.707107"/>
      <scale x="0.015552" y="0.015552" z="0.015552"/>
      <entity name="Torch" meshFile="WallTorch1_small.mesh"/>
    </node>
    <node name="Torch.006">
      <position x="9.001410" y="12.000298" z="0.015322"/>
      <rotation qx="-0.000000" qy="0.000000" qz="0.707107" qw="0.707107"/>
      <scale x="0.015552" y="0.015552" z="0.015552"/>
      <entity name="Torch.006" meshFile="WallTorch1_small.mesh"/>
    </node>
    <node name="Torch.001">
      <position x="-1.002438" y="21.995211" z="0.015322"/>
      <rotation qx="0.000000" qy="0.000000" qz="-0.707107" qw="0.707107"/>
      <scale x="0.015552" y="0.015552" z="0.015552"/>
      <entity name="Torch.001" meshFile="WallTorch1_small.mesh"/>
    </node>
    <node name="Torch.003">
      <position x="-9.001775" y="7.999906" z="0.015322"/>
      <rotation qx="0.000000" qy="0.000000" qz="-0.707107" qw="0.707107"/>
      <scale x="0.015552" y="0.015552" z="0.015552"/>
      <entity name="Torch.003" meshFile="WallTorch1_small.mesh"/>
    </node>
    <node name="Cube.019">
      <position x="-1.065346" y="14.295779" z="-0.108479"/>
      <rotation qx="0.267179" qy="0.082046" qz="0.955866" qw="0.090571"/>
      <scale x="1.010392" y="1.010392" z="1.075623"/>
      <entity name="Cube.019" meshFile="Skull_1.mesh"/>
      <userData>
        <property type="STRING" name="Type" data="Prop"/>
        <property type="STRING" name="Set" data="old_skull"/>
      </userData>
    </node>
    <node name="Cube.016">
      <position x="0.000000" y="10.000000" z="0.000000"/>
      <rotation qx="0.000000" qy="0.000000" qz="0.707107" qw="0.707107"/>
      <scale x="1.000000" y="1.000000" z="1.000000"/>
      <entity name="Cube.016" meshFile="DLongHall1.mesh"/>
    </node>
    <node name="Cube.017">
      <position x="0.000000" y="6.000000" z="0.000000"/>
      <rotation qx="0.000000" qy="0.000000" qz="-0.707107" qw="0.707107"/>
      <scale x="1.000000" y="1.000000" z="1.000000"/>
      <entity name="Cube.017" meshFile="DHallIntersection1.mesh"/>
    </node>
    <node name="Cube.014">
      <position x="2.000000" y="14.000000" z="-0.003642"/>
      <rotation qx="0.000000" qy="0.000000" qz="0.000000" qw="1.000000"/>
      <scale x="1.000000" y="1.000000" z="1.000000"/>
      <entity name="Cube.014" meshFile="DDoorway2.mesh"/>
    </node>
    <node name="Cube.015">
      <position x="0.000000" y="14.000000" z="0.000000"/>
      <rotation qx="0.000000" qy="0.000000" qz="-0.707107" qw="0.707107"/>
      <scale x="1.000000" y="1.000000" z="1.000000"/>
      <entity name="Cube.015" meshFile="DHallIntersection1.mesh"/>
    </node>
    <node name="Cube.012">
      <position x="-5.735732" y="5.369946" z="-0.795814"/>
      <rotation qx="0.062383" qy="0.023758" qz="0.363346" qw="0.929260"/>
      <scale x="1.010392" y="1.010392" z="1.075623"/>
      <entity name="Cube.012" meshFile="Skull_1.mesh"/>
      <userData>
        <property type="STRING" name="Type" data="Prop"/>
        <property type="STRING" name="Set" data="old_skull"/>
      </userData>
    </node>
    <node name="Cube.013">
      <position x="2.000000" y="14.000000" z="-0.003642"/>
      <rotation qx="0.000000" qy="0.000000" qz="1.000000" qw="0.000000"/>
      <scale x="1.000000" y="1.000000" z="1.000000"/>
      <entity name="Cube.013" meshFile="DDoorway2.mesh"/>
    </node>
    <node name="Cube.010">
      <position x="-6.484499" y="6.000000" z="-0.598191"/>
      <rotation qx="0.000000" qy="-0.521797" qz="0.000000" qw="0.853070"/>
      <scale x="1.000000" y="1.000000" z="1.000000"/>
      <entity name="Cube.010" meshFile="Sarco1_Cover.mesh"/>
    </node>
    <node name="Torch.005">
      <position x="9.001410" y="16.000298" z="0.015322"/>
      <rotation qx="-0.000000" qy="0.000000" qz="0.707107" qw="0.707107"/>
      <scale x="0.015552" y="0.015552" z="0.015552"/>
      <entity name="Torch.005" meshFile="WallTorch1_small.mesh"/>
    </node>
    <node name="Torch.004">
      <position x="-1.001783" y="7.187527" z="0.015322"/>
      <rotation qx="0.000000" qy="0.000000" qz="-0.707107" qw="0.707107"/>
      <scale x="0.015552" y="0.015552" z="0.015552"/>
      <entity name="Torch.004" meshFile="WallTorch1_small.mesh"/>
    </node>
    <node name="Torch.007">
      <position x="-1.001783" y="15.187527" z="0.015322"/>
      <rotation qx="0.000000" qy="0.000000" qz="-0.707107" qw="0.707107"/>
      <scale x="0.015552" y="0.015552" z="0.015552"/>
      <entity name="Torch.007" meshFile="WallTorch1_small.mesh"/>
    </node>
    <node name="Brazier2.024">
      <position x="-0.891576" y="15.190634" z="0.144382"/>
      <rotation qx="0.000000" qy="0.000000" qz="0.707107" qw="0.707107"/>
      <scale x="1.000000" y="1.000000" z="1.000000"/>
      <entity name="Brazier2.024" meshFile="Marker.mesh"/>
      <userData>
        <property type="STRING" name="Type" data="Emitter"/>
        <property type="STRING" name="Set" data="torchfire1"/>
      </userData>
    </node>
    <node name="Brazier2.023">
      <position x="-0.878517" y="15.193701" z="0.214970"/>
      <rotation qx="0.000000" qy="0.000000" qz="0.707107" qw="0.707107"/>
      <scale x="0.413576" y="0.413576" z="0.413576"/>
      <entity name="Brazier2.023" meshFile="Marker.mesh"/>
      <userData>
        <property type="STRING" name="Type" data="Corona1"/>
      </userData>
    </node>
    <node name="Brazier2.022">
      <position x="-6.890710" y="7.932993" z="-0.249087"/>
      <rotation qx="0.000000" qy="0.000000" qz="0.000000" qw="1.000000"/>
      <scale x="1.000000" y="1.000000" z="1.000000"/>
      <entity name="Brazier2.022" meshFile="Marker.mesh"/>
      <userData>
        <property type="STRING" name="Type" data="Monster"/>
      </userData>
    </node>
    <node name="Brazier2.021">
      <position x="6.294334" y="5.413385" z="9.750913"/>
      <rotation qx="0.000000" qy="0.000000" qz="0.000000" qw="1.000000"/>
      <scale x="1.000000" y="1.000000" z="1.000000"/>
      <entity name="Brazier2.021" meshFile="Marker.mesh"/>
      <userData>
        <property type="STRING" name="Type" data="Prop"/>
        <property type="STRING" name="Set" data="barrels1"/>
      </userData>
    </node>
    <node name="Torch.002">
      <position x="9.004771" y="21.986696" z="5.015322"/>
      <rotation qx="-0.000000" qy="0.000000" qz="0.707107" qw="0.707107"/>
      <scale x="0.015552" y="0.015552" z="0.015552"/>
      <entity name="Torch.002" meshFile="WallTorch1_small.mesh"/>
    </node>
    <node name="Brazier2.029">
      <position x="7.100978" y="11.890973" z="10.214970"/>
      <rotation qx="0.000000" qy="0.000000" qz="-0.707107" qw="0.707107"/>
      <scale x="0.413576" y="0.413576" z="0.413576"/>
      <entity name="Brazier2.029" meshFile="Marker.mesh"/>
      <userData>
        <property type="STRING" name="Type" data="Corona1"/>
      </userData>
    </node>
    <node name="Brazier2.028">
      <position x="10.905354" y="6.176285" z="10.214970"/>
      <rotation qx="0.000000" qy="0.000000" qz="-0.707107" qw="0.707107"/>
      <scale x="0.413576" y="0.413576" z="0.413576"/>
      <entity name="Brazier2.028" meshFile="Marker.mesh"/>
      <userData>
        <property type="STRING" name="Type" data="Corona1"/>
      </userData>
    </node>
    <node name="Cylinder.008">
      <position x="1.000216" y="12.000603" z="0.000257"/>
      <rotation qx="0.000000" qy="0.000000" qz="0.000000" qw="1.000000"/>
      <scale x="1.000000" y="1.000000" z="1.000000"/>
      <entity name="Cylinder.008" meshFile="DColumn1.mesh"/>
    </node>
    <node name="Cylinder.009">
      <position x="1.000216" y="16.000603" z="0.000257"/>
      <rotation qx="0.000000" qy="0.000000" qz="0.000000" qw="1.000000"/>
      <scale x="1.000000" y="1.000000" z="1.000000"/>
      <entity name="Cylinder.009" meshFile="DColumn1.mesh"/>
    </node>
    <node name="Brazier2">
      <position x="-8.878510" y="4.006079" z="0.214970"/>
      <rotation qx="0.000000" qy="0.000000" qz="0.707107" qw="0.707107"/>
      <scale x="0.413576" y="0.413576" z="0.413576"/>
      <entity name="Brazier2" meshFile="Marker.mesh"/>
      <userData>
        <property type="STRING" name="Type" data="Corona1"/>
      </userData>
    </node>
    <node name="Cylinder.004">
      <position x="5.000217" y="5.000601" z="10.000257"/>
      <rotation qx="0.000000" qy="0.000000" qz="0.000000" qw="1.000000"/>
      <scale x="1.000000" y="1.000000" z="1.000000"/>
      <entity name="Cylinder.004" meshFile="DColumn1Tall.mesh"/>
    </node>
    <node name="Cylinder.005">
      <position x="11.000217" y="5.000601" z="10.000257"/>
      <rotation qx="0.000000" qy="0.000000" qz="0.000000" qw="1.000000"/>
      <scale x="1.000000" y="1.000000" z="1.000000"/>
      <entity name="Cylinder.005" meshFile="DColumn1Tall.mesh"/>
    </node>
    <node name="Cylinder.006">
      <position x="11.000217" y="11.000601" z="10.000257"/>
      <rotation qx="0.000000" qy="0.000000" qz="0.000000" qw="1.000000"/>
      <scale x="1.000000" y="1.000000" z="1.000000"/>
      <entity name="Cylinder.006" meshFile="DColumn1Tall.mesh"/>
    </node>
    <node name="Cylinder.007">
      <position x="5.000217" y="11.000601" z="10.000257"/>
      <rotation qx="0.000000" qy="0.000000" qz="0.000000" qw="1.000000"/>
      <scale x="1.000000" y="1.000000" z="1.000000"/>
      <entity name="Cylinder.007" meshFile="DColumn1Tall.mesh"/>
    </node>
    <node name="Cylinder.001">
      <position x="8.000217" y="8.000601" z="10.000257"/>
      <rotation qx="0.000000" qy="0.000000" qz="0.000000" qw="1.000000"/>
      <scale x="1.000000" y="1.000000" z="1.000000"/>
      <entity name="Cylinder.001" meshFile="DColumn1Tall.mesh"/>
    </node>
    <node name="Cube.001">
      <position x="0.000000" y="22.000000" z="0.000000"/>
      <rotation qx="0.000000" qy="0.000000" qz="-0.707107" qw="0.707107"/>
      <scale x="1.000000" y="1.000000" z="1.000000"/>
      <entity name="Cube.001" meshFile="DCorner1.mesh"/>
    </node>
    <node name="Cube.002">
      <position x="6.000000" y="14.000000" z="0.000000"/>
      <rotation qx="0.000000" qy="0.000000" qz="0.000000" qw="1.000000"/>
      <scale x="1.000000" y="1.000000" z="1.000000"/>
      <entity name="Cube.002" meshFile="DNRoom1.mesh"/>
    </node>
    <node name="Cube.005">
      <position x="8.000000" y="22.000000" z="5.000000"/>
      <rotation qx="0.000000" qy="0.000000" qz="1.000000" qw="0.000000"/>
      <scale x="1.000000" y="1.000000" z="1.000000"/>
      <entity name="Cube.005" meshFile="DCorner1.mesh"/>
    </node>
    <node name="Cube.009">
      <position x="-6.000000" y="6.000000" z="-0.700000"/>
      <rotation qx="0.000000" qy="0.000000" qz="0.000000" qw="1.000000"/>
      <scale x="1.000000" y="1.000000" z="1.000000"/>
      <entity name="Cube.009" meshFile="Sarco1.mesh"/>
    </node>
    <node name="Cube.008">
      <position x="5.000007" y="8.000000" z="10.000000"/>
      <rotation qx="0.000000" qy="0.000000" qz="0.000000" qw="1.000000"/>
      <scale x="1.000000" y="1.000000" z="1.000000"/>
      <entity name="Cube.008" meshFile="DRoomWall1.mesh"/>
    </node>
    <node name="Brazier2.012">
      <position x="8.878145" y="11.994124" z="0.214970"/>
      <rotation qx="0.000000" qy="0.000000" qz="-0.707107" qw="0.707107"/>
      <scale x="0.413576" y="0.413576" z="0.413576"/>
      <entity name="Brazier2.012" meshFile="Marker.mesh"/>
      <userData>
        <property type="STRING" name="Type" data="Corona1"/>
      </userData>
    </node>
    <node name="Brazier2.013">
      <position x="-3.463057" y="7.598012" z="-0.249087"/>
      <rotation qx="0.000000" qy="0.000000" qz="0.000000" qw="1.000000"/>
      <scale x="1.000000" y="1.000000" z="1.000000"/>
      <entity name="Brazier2.013" meshFile="Marker.mesh"/>
      <userData>
        <property type="STRING" name="Type" data="Prop"/>
        <property type="STRING" name="Set" data="braziers1"/>
      </userData>
    </node>
    <node name="Brazier2.010">
      <position x="8.891204" y="15.997191" z="0.144382"/>
      <rotation qx="0.000000" qy="0.000000" qz="-0.707107" qw="0.707107"/>
      <scale x="1.000000" y="1.000000" z="1.000000"/>
      <entity name="Brazier2.010" meshFile="Marker.mesh"/>
      <userData>
        <property type="STRING" name="Type" data="Emitter"/>
        <property type="STRING" name="Set" data="torchfire1"/>
      </userData>
    </node>
    <node name="Brazier2.011">
      <position x="8.891204" y="11.997191" z="0.144382"/>
      <rotation qx="0.000000" qy="0.000000" qz="-0.707107" qw="0.707107"/>
      <scale x="1.000000" y="1.000000" z="1.000000"/>
      <entity name="Brazier2.011" meshFile="Marker.mesh"/>
      <userData>
        <property type="STRING" name="Type" data="Emitter"/>
        <property type="STRING" name="Set" data="torchfire1"/>
      </userData>
    </node>
    <node name="Torch.012">
      <position x="6.997562" y="11.895209" z="10.015322"/>
      <rotation qx="0.000000" qy="0.000000" qz="-0.707107" qw="0.707107"/>
      <scale x="0.015552" y="0.015552" z="0.015552"/>
      <entity name="Torch.012" meshFile="WallTorch1_small.mesh"/>
    </node>
    <node name="Brazier2.017">
      <position x="10.888402" y="6.179792" z="10.145212"/>
      <rotation qx="0.000000" qy="0.000000" qz="-0.707107" qw="0.707107"/>
      <scale x="1.000000" y="1.000000" z="1.000000"/>
      <entity name="Brazier2.017" meshFile="Marker.mesh"/>
      <userData>
        <property type="STRING" name="Type" data="Emitter"/>
        <property type="STRING" name="Set" data="torchfire1"/>
      </userData>
    </node>
    <node name="Brazier2.014">
      <position x="-3.463057" y="4.598012" z="-0.249087"/>
      <rotation qx="0.000000" qy="0.000000" qz="0.000000" qw="1.000000"/>
      <scale x="1.000000" y="1.000000" z="1.000000"/>
      <entity name="Brazier2.014" meshFile="Marker.mesh"/>
      <userData>
        <property type="STRING" name="Type" data="Prop"/>
        <property type="STRING" name="Set" data="braziers1"/>
      </userData>
    </node>
    <node name="Torch.011">
      <position x="11.001937" y="6.180522" z="10.015322"/>
      <rotation qx="-0.000000" qy="0.000000" qz="0.707107" qw="0.707107"/>
      <scale x="0.015552" y="0.015552" z="0.015552"/>
      <entity name="Torch.011" meshFile="WallTorch1_small.mesh"/>
    </node>
    <node name="Brazier2.018">
      <position x="7.104667" y="11.896023" z="10.145212"/>
      <rotation qx="0.000000" qy="0.000000" qz="-0.707107" qw="0.707107"/>
      <scale x="1.000000" y="1.000000" z="1.000000"/>
      <entity name="Brazier2.018" meshFile="Marker.mesh"/>
      <userData>
        <property type="STRING" name="Type" data="Emitter"/>
        <property type="STRING" name="Set" data="torchfire1"/>
      </userData>
    </node>
    <node name="Brazier2.019">
      <position x="11.419701" y="8.017797" z="9.750914"/>
      <rotation qx="0.000000" qy="0.000000" qz="0.000000" qw="1.000000"/>
      <scale x="1.000000" y="1.000000" z="1.000000"/>
      <entity name="Brazier2.019" meshFile="Marker.mesh"/>
      <userData>
        <property type="STRING" name="Type" data="Enter"/>
        <property type="INT" name="Num" data="0"/>
      </userData>
    </node>
    <node name="Cylinder.011">
      <position x="-0.999784" y="12.000603" z="0.000257"/>
      <rotation qx="0.000000" qy="0.000000" qz="0.000000" qw="1.000000"/>
      <scale x="1.000000" y="1.000000" z="1.000000"/>
      <entity name="Cylinder.011" meshFile="DColumn1.mesh"/>
    </node>
    <node name="Cylinder.010">
      <position x="-0.999784" y="16.000603" z="0.000257"/>
      <rotation qx="0.000000" qy="0.000000" qz="0.000000" qw="1.000000"/>
      <scale x="1.000000" y="1.000000" z="1.000000"/>
      <entity name="Cylinder.010" meshFile="DColumn1.mesh"/>
    </node>
    <node name="Cube.096">
      <position x="8.000000" y="12.000000" z="9.996359"/>
      <rotation qx="0.000000" qy="0.000000" qz="0.707107" qw="0.707107"/>
      <scale x="1.000000" y="1.000000" z="1.000000"/>
      <entity name="Cube.096" meshFile="DDoorway1.mesh"/>
    </node>
    <node name="Cube.095">
      <position x="8.000000" y="8.000000" z="10.000000"/>
      <rotation qx="0.000000" qy="0.000000" qz="0.000000" qw="1.000000"/>
      <scale x="1.000000" y="1.000000" z="1.000000"/>
      <entity name="Cube.095" meshFile="DNRoom1.mesh"/>
    </node>
    <node name="Lamp.004">
      <position x="10.513918" y="6.144540" z="10.149776"/>
      <rotation qx="0.500000" qy="-0.500000" qz="-0.500000" qw="0.500000"/>
      <scale x="1.000000" y="1.000000" z="1.000000"/>
      <light name="Lamp" type="point">
        <colourDiffuse r="1.000000" g="0.534611" b="0.090050"/>
        <colourSpecular r="1.000000" g="0.534611" b="0.090050"/>
        <lightAttenuation range="5000.0" constant="1.000000" linear="0.400000" quadratic="0.000000"/>
      </light>
    </node>
    <node name="Lamp.005">
      <position x="8.481278" y="11.995933" z="0.149775"/>
      <rotation qx="0.500000" qy="-0.500000" qz="-0.500000" qw="0.500000"/>
      <scale x="1.000000" y="1.000000" z="1.000000"/>
      <light name="Lamp.004" type="point">
        <colourDiffuse r="1.486021" g="0.740624" b="0.133816"/>
        <colourSpecular r="1.486021" g="0.740624" b="0.133816"/>
        <lightAttenuation range="5000.0" constant="1.000000" linear="0.333333" quadratic="0.000000"/>
      </light>
    </node>
    <node name="Lamp.006">
      <position x="-0.481650" y="15.191893" z="0.149775"/>
      <rotation qx="0.500000" qy="0.500000" qz="0.500000" qw="0.500000"/>
      <scale x="1.000000" y="1.000000" z="1.000000"/>
      <light name="Lamp.004" type="point">
        <colourDiffuse r="1.486021" g="0.740624" b="0.133816"/>
        <colourSpecular r="1.486021" g="0.740624" b="0.133816"/>
        <lightAttenuation range="5000.0" constant="1.000000" linear="0.333333" quadratic="0.000000"/>
      </light>
    </node>
    <node name="Lamp.001">
      <position x="-0.458541" y="21.981607" z="0.149776"/>
      <rotation qx="0.500000" qy="-0.500000" qz="-0.500000" qw="0.500000"/>
      <scale x="1.000000" y="1.000000" z="1.000000"/>
      <light name="Lamp" type="point">
        <colourDiffuse r="1.000000" g="0.534611" b="0.090050"/>
        <colourSpecular r="1.000000" g="0.534611" b="0.090050"/>
        <lightAttenuation range="5000.0" constant="1.000000" linear="0.400000" quadratic="0.000000"/>
      </light>
    </node>
    <node name="Lamp.002">
      <position x="8.460875" y="22.000299" z="5.149776"/>
      <rotation qx="0.500000" qy="0.500000" qz="0.500000" qw="0.500000"/>
      <scale x="1.000000" y="1.000000" z="1.000000"/>
      <light name="Lamp" type="point">
        <colourDiffuse r="1.000000" g="0.534611" b="0.090050"/>
        <colourSpecular r="1.000000" g="0.534611" b="0.090050"/>
        <lightAttenuation range="5000.0" constant="1.000000" linear="0.400000" quadratic="0.000000"/>
      </light>
    </node>
    <node name="Lamp.003">
      <position x="8.481278" y="15.995933" z="0.149775"/>
      <rotation qx="0.500000" qy="-0.500000" qz="-0.500000" qw="0.500000"/>
      <scale x="1.000000" y="1.000000" z="1.000000"/>
      <light name="Lamp.004" type="point">
        <colourDiffuse r="1.486021" g="0.740624" b="0.133816"/>
        <colourSpecular r="1.486021" g="0.740624" b="0.133816"/>
        <lightAttenuation range="5000.0" constant="1.000000" linear="0.333333" quadratic="0.000000"/>
      </light>
    </node>
  </nodes>
  <externals>
    <item type="material">
      <file name="Scene.material"/>
    </item>
  </externals>
  <environment>
    <colourAmbient r="0.000000" g="0.000000" b="0.000000"/>
    <colourBackground r="0.000000" g="0.000000" b="0.000000"/>
  </environment>
</scene>
