<scene formatVersion="0.2.0">
  <nodes>
    <node name="Cube.038">
      <position x="0.000000" y="12.000000" z="0.000000"/>
      <rotation qx="0.000000" qy="0.000000" qz="1.000000" qw="0.000000"/>
      <scale x="1.000000" y="1.000000" z="1.000000"/>
      <entity name="Cube.038" meshFile="DAlcove1.mesh"/>
    </node>
    <node name="Cube.076">
      <position x="-2.000000" y="8.000000" z="10.000000"/>
      <rotation qx="0.000000" qy="0.000000" qz="1.000000" qw="0.000000"/>
      <scale x="1.000000" y="1.000000" z="1.000000"/>
      <entity name="Cube.076" meshFile="DRamp1.mesh"/>
    </node>
    <node name="Cube.077">
      <position x="2.000000" y="6.000000" z="0.000000"/>
      <rotation qx="0.000000" qy="0.000000" qz="-0.707107" qw="0.707107"/>
      <scale x="1.000000" y="1.000000" z="1.000000"/>
      <entity name="Cube.077" meshFile="DLongHall1.mesh"/>
    </node>
    <node name="Cube.072">
      <position x="2.000000" y="14.000000" z="1.700000"/>
      <rotation qx="0.707107" qy="0.707107" qz="0.000000" qw="0.000000"/>
      <scale x="0.998333" y="-0.400000" z="0.400000"/>
      <entity name="Cube.072" meshFile="DMetalRod.mesh"/>
    </node>
    <node name="Cube.039">
      <position x="0.000000" y="14.000000" z="0.000000"/>
      <rotation qx="0.000000" qy="0.000000" qz="1.000000" qw="0.000000"/>
      <scale x="1.000000" y="1.000000" z="1.000000"/>
      <entity name="Cube.039" meshFile="DAlcove1.mesh"/>
    </node>
    <node name="Brazier2.005">
      <position x="0.109290" y="11.932993" z="-0.249087"/>
      <rotation qx="0.000000" qy="0.000000" qz="0.000000" qw="1.000000"/>
      <scale x="1.000000" y="1.000000" z="1.000000"/>
      <entity name="Brazier2.005" meshFile="Marker.mesh"/>
      <userData>
        <property type="STRING" name="Type" data="Actor"/>
        <property type="STRING" name="Set" data="zombies"/>
      </userData>
    </node>
    <node name="Brazier2.004">
      <position x="-6.884036" y="-0.007913" z="0.136581"/>
      <rotation qx="0.000000" qy="0.000000" qz="0.000000" qw="1.000000"/>
      <scale x="1.000000" y="1.000000" z="1.000000"/>
      <entity name="Brazier2.004" meshFile="Marker.mesh"/>
      <userData>
        <property type="STRING" name="Type" data="Emitter"/>
        <property type="STRING" name="Set" data="torchfire1"/>
      </userData>
    </node>
    <node name="Brazier2.001">
      <position x="5.984640" y="-2.111084" z="-0.249088"/>
      <rotation qx="0.000000" qy="0.000000" qz="0.000000" qw="1.000000"/>
      <scale x="1.000000" y="1.000000" z="1.000000"/>
      <entity name="Brazier2.001" meshFile="Marker.mesh"/>
      <userData>
        <property type="STRING" name="Type" data="Prop"/>
        <property type="STRING" name="Set" data="braziers1"/>
      </userData>
    </node>
    <node name="Cube.079">
      <position x="2.000000" y="2.000000" z="-0.003642"/>
      <rotation qx="0.000000" qy="0.000000" qz="-0.707107" qw="0.707107"/>
      <scale x="1.000000" y="1.000000" z="1.000000"/>
      <entity name="Cube.079" meshFile="DDoorway2.mesh"/>
    </node>
    <node name="Brazier2.003">
      <position x="6.003006" y="0.891680" z="0.136581"/>
      <rotation qx="0.000000" qy="0.000000" qz="0.000000" qw="1.000000"/>
      <scale x="1.000000" y="1.000000" z="1.000000"/>
      <entity name="Brazier2.003" meshFile="Marker.mesh"/>
      <userData>
        <property type="STRING" name="Type" data="Emitter"/>
        <property type="STRING" name="Set" data="torchfire1"/>
      </userData>
    </node>
    <node name="Brazier2.002">
      <position x="10.069511" y="0.630816" z="-0.249088"/>
      <rotation qx="0.000000" qy="0.000000" qz="0.000000" qw="1.000000"/>
      <scale x="1.00000" y="1.00000" z="1.000000"/>
      <entity name="Brazier2.002" meshFile="Marker.mesh"/>
      <userData>
        <property type="STRING" name="Type" data="Prop"/>
        <property type="STRING" name="Set" data="barrels1"/>
      </userData>
    </node>
    <node name="Cube.089">
      <position x="2.007442" y="13.917639" z="-0.700000"/>
      <rotation qx="0.000000" qy="0.000000" qz="0.707107" qw="0.707107"/>
      <scale x="1.000000" y="1.000000" z="1.000000"/>
      <entity name="Cube.089" meshFile="Sarco1.mesh"/>
    </node>
    <node name="Cube.088">
      <position x="2.007442" y="13.907242" z="-0.502752"/>
      <rotation qx="0.000019" qy="-0.000019" qz="0.714211" qw="0.699931"/>
      <scale x="1.000000" y="1.000000" z="1.000000"/>
      <entity name="Cube.088" meshFile="Sarco1_Cover.mesh"/>
    </node>
    <node name="Cube.083">
      <position x="8.000000" y="8.000000" z="9.996359"/>
      <rotation qx="0.000000" qy="0.000000" qz="0.000000" qw="1.000000"/>
      <scale x="1.000000" y="1.000000" z="1.000000"/>
      <entity name="Cube.083" meshFile="DDoorway1.mesh"/>
    </node>
    <node name="Cube.082">
      <position x="4.000000" y="8.000000" z="10.000000"/>
      <rotation qx="0.000000" qy="0.000000" qz="0.000000" qw="1.000000"/>
      <scale x="1.000000" y="1.000000" z="1.000000"/>
      <entity name="Cube.082" meshFile="DLongHall1.mesh"/>
    </node>
    <node name="Cube.085">
      <position x="28.007442" y="10.296686" z="-5.700000"/>
      <rotation qx="0.000000" qy="0.000000" qz="0.707107" qw="0.707107"/>
      <scale x="1.000000" y="1.000000" z="1.000000"/>
      <entity name="Cube.085" meshFile="Sarco1.mesh"/>
    </node>
    <node name="Cube.084">
      <position x="28.198559" y="10.286289" z="-5.502752"/>
      <rotation qx="0.000016" qy="-0.000021" qz="0.604497" qw="0.796607"/>
      <scale x="1.000000" y="1.000000" z="1.000000"/>
      <entity name="Cube.084" meshFile="Sarco1_Cover.mesh"/>
    </node>
    <node name="Cube.087">
      <position x="28.007442" y="7.512123" z="-5.502752"/>
      <rotation qx="0.000019" qy="-0.000019" qz="0.714211" qw="0.699931"/>
      <scale x="1.000000" y="1.000000" z="1.000000"/>
      <entity name="Cube.087" meshFile="Sarco1_Cover.mesh"/>
    </node>
    <node name="Cube.086">
      <position x="28.007442" y="7.522520" z="-5.700000"/>
      <rotation qx="0.000000" qy="0.000000" qz="0.707107" qw="0.707107"/>
      <scale x="1.000000" y="1.000000" z="1.000000"/>
      <entity name="Cube.086" meshFile="Sarco1.mesh"/>
    </node>
    <node name="Lamp.011">
      <position x="4.959602" y="8.482217" z="10.149775"/>
      <rotation qx="0.707107" qy="0.000000" qz="0.000000" qw="0.707107"/>
      <scale x="1.000000" y="1.000000" z="1.000000"/>
      <light name="Lamp.004" type="point">
        <colourDiffuse r="1.000000" g="0.643263" b="0.090050"/>
        <colourSpecular r="1.000000" g="0.643263" b="0.090050"/>
        <lightAttenuation range="5000.0" constant="1.000000" linear="0.100000" quadratic="0.000000"/>
      </light>
    </node>
    <node name="Lamp.010">
      <position x="-6.653649" y="7.998241" z="5.149775"/>
      <rotation qx="0.707107" qy="0.000000" qz="0.000000" qw="0.707107"/>
      <scale x="1.000000" y="1.000000" z="1.000000"/>
      <light name="Lamp.002" type="point">
        <colourDiffuse r="1.000000" g="0.643263" b="0.090050"/>
        <colourSpecular r="1.000000" g="0.643263" b="0.090050"/>
        <lightAttenuation range="5000.0" constant="1.000000" linear="0.625000" quadratic="0.000000"/>
      </light>
    </node>
    <node name="Cube.067">
      <position x="30.000000" y="6.000000" z="-5.000000"/>
      <rotation qx="0.000000" qy="0.000000" qz="0.000000" qw="1.000000"/>
      <scale x="1.000000" y="1.000000" z="1.000000"/>
      <entity name="Cube.067" meshFile="DAlcove1.mesh"/>
    </node>
    <node name="Cube.066">
      <position x="30.000000" y="10.000000" z="-5.000000"/>
      <rotation qx="0.000000" qy="0.000000" qz="0.000000" qw="1.000000"/>
      <scale x="1.000000" y="1.000000" z="1.000000"/>
      <entity name="Cube.066" meshFile="DAlcove1.mesh"/>
    </node>
    <node name="Cube.065">
      <position x="30.000000" y="8.000000" z="-5.000000"/>
      <rotation qx="0.000000" qy="0.000000" qz="0.000000" qw="1.000000"/>
      <scale x="1.000000" y="1.000000" z="1.000000"/>
      <entity name="Cube.065" meshFile="DAlcove1.mesh"/>
    </node>
    <node name="Cube.064">
      <position x="32.000000" y="12.000000" z="-5.003642"/>
      <rotation qx="0.000000" qy="0.000000" qz="1.000000" qw="0.000000"/>
      <scale x="1.000000" y="1.000000" z="1.000000"/>
      <entity name="Cube.064" meshFile="DDoorway2.mesh"/>
    </node>
    <node name="Cube.063">
      <position x="26.000000" y="8.000000" z="-5.000000"/>
      <rotation qx="0.000000" qy="0.000000" qz="1.000000" qw="0.000000"/>
      <scale x="1.000000" y="1.000000" z="1.000000"/>
      <entity name="Cube.063" meshFile="DAlcove1.mesh"/>
    </node>
    <node name="Cube.062">
      <position x="26.000000" y="6.000000" z="-5.000000"/>
      <rotation qx="0.000000" qy="0.000000" qz="1.000000" qw="0.000000"/>
      <scale x="1.000000" y="1.000000" z="1.000000"/>
      <entity name="Cube.062" meshFile="DAlcove1.mesh"/>
    </node>
    <node name="Cube.061">
      <position x="26.000000" y="10.000000" z="-5.000000"/>
      <rotation qx="0.000000" qy="0.000000" qz="1.000000" qw="0.000000"/>
      <scale x="1.000000" y="1.000000" z="1.000000"/>
      <entity name="Cube.061" meshFile="DAlcove1.mesh"/>
    </node>
    <node name="Cube.060">
      <position x="30.000000" y="12.000000" z="-5.000000"/>
      <rotation qx="0.000000" qy="0.000000" qz="0.707107" qw="0.707107"/>
      <scale x="1.000000" y="1.000000" z="1.000000"/>
      <entity name="Cube.060" meshFile="DAlcove1.mesh"/>
    </node>
    <node name="Cube.078">
      <position x="2.000000" y="2.000000" z="-0.003642"/>
      <rotation qx="0.000000" qy="0.000000" qz="0.707107" qw="0.707107"/>
      <scale x="1.000000" y="1.000000" z="1.000000"/>
      <entity name="Cube.078" meshFile="DDoorway2.mesh"/>
    </node>
    <node name="Cube.069">
      <position x="27.992085" y="4.471348" z="-5.664308"/>
      <rotation qx="0.301446" qy="-0.301446" qz="0.639633" qw="0.639633"/>
      <scale x="1.000000" y="1.000000" z="1.000000"/>
      <entity name="Cube.069" meshFile="Sarco1_Cover.mesh"/>
    </node>
    <node name="Cube.068">
      <position x="28.007442" y="5.068126" z="-5.700000"/>
      <rotation qx="0.000000" qy="0.000000" qz="0.707107" qw="0.707107"/>
      <scale x="1.000000" y="1.000000" z="1.000000"/>
      <entity name="Cube.068" meshFile="Sarco1.mesh"/>
    </node>
    <node name="Cube">
      <position x="-2.000000" y="0.000000" z="0.000000"/>
      <rotation qx="0.000000" qy="0.000000" qz="0.000000" qw="1.000000"/>
      <scale x="1.000000" y="1.000000" z="1.000000"/>
      <entity name="Cube" meshFile="DLongHall1.mesh"/>
    </node>
    <node name="Cube.058">
      <position x="28.000000" y="4.000000" z="-5.000000"/>
      <rotation qx="0.000000" qy="0.000000" qz="-0.707107" qw="0.707107"/>
      <scale x="1.000000" y="1.000000" z="1.000000"/>
      <entity name="Cube.058" meshFile="DAlcove1.mesh"/>
    </node>
    <node name="Cube.059">
      <position x="28.000000" y="12.000000" z="-5.000000"/>
      <rotation qx="0.000000" qy="0.000000" qz="0.707107" qw="0.707107"/>
      <scale x="1.000000" y="1.000000" z="1.000000"/>
      <entity name="Cube.059" meshFile="DAlcove1.mesh"/>
    </node>
    <node name="Cube.052">
      <position x="34.000000" y="12.000000" z="-5.000000"/>
      <rotation qx="0.000000" qy="0.000000" qz="-0.707107" qw="0.707107"/>
      <scale x="1.000000" y="1.000000" z="1.000000"/>
      <entity name="Cube.052" meshFile="DHall2.mesh"/>
    </node>
    <node name="Cube.053">
      <position x="32.000000" y="12.000000" z="-5.003642"/>
      <rotation qx="0.000000" qy="0.000000" qz="-0.000000" qw="1.000000"/>
      <scale x="1.000000" y="1.000000" z="1.000000"/>
      <entity name="Cube.053" meshFile="DDoorway2.mesh"/>
    </node>
    <node name="Cube.051">
      <position x="34.000000" y="0.000000" z="-5.000000"/>
      <rotation qx="0.000000" qy="0.000000" qz="0.000000" qw="1.000000"/>
      <scale x="1.000000" y="1.000000" z="1.000000"/>
      <entity name="Cube.051" meshFile="DAlcove1.mesh"/>
    </node>
    <node name="Cube.054">
      <position x="28.000000" y="10.000000" z="-5.000000"/>
      <rotation qx="0.000000" qy="0.000000" qz="0.000000" qw="1.000000"/>
      <scale x="1.000000" y="1.000000" z="1.000000"/>
      <entity name="Cube.054" meshFile="DRoom2.mesh"/>
    </node>
    <node name="Door.002">
      <position x="2.700000" y="1.600000" z="-0.003641"/>
      <rotation qx="0.000000" qy="0.000000" qz="0.258819" qw="0.965926"/>
      <scale x="1.000000" y="1.000000" z="1.000000"/>
      <entity name="Door.002" meshFile="D_Door1.mesh"/>
    </node>
    <node name="Door.003">
      <position x="1.300000" y="10.400001" z="-0.003641"/>
      <rotation qx="0.000000" qy="0.000000" qz="-0.965926" qw="0.258819"/>
      <scale x="1.000000" y="1.000000" z="1.000000"/>
      <entity name="Door.003" meshFile="D_Door1.mesh"/>
    </node>
    <node name="Door.001">
      <position x="9.000000" y="8.000000" z="9.996359"/>
      <rotation qx="0.000000" qy="0.000000" qz="-0.000000" qw="1.000000"/>
      <scale x="1.000000" y="1.000000" z="1.000000"/>
      <entity name="Door.001" meshFile="D_Door1.mesh"/>
    </node>
    <node name="Door.004">
      <position x="32.400002" y="12.700000" z="-5.003641"/>
      <rotation qx="0.000000" qy="0.000000" qz="0.887011" qw="0.461749"/>
      <scale x="1.000000" y="1.000000" z="1.000000"/>
      <entity name="Door.004" meshFile="D_Door1.mesh"/>
    </node>
    <node name="Cube.031">
      <position x="-6.000000" y="4.000000" z="5.000000"/>
      <rotation qx="0.000000" qy="0.000000" qz="-0.707107" qw="0.707107"/>
      <scale x="1.000000" y="1.000000" z="1.000000"/>
      <entity name="Cube.031" meshFile="DRamp1.mesh"/>
    </node>
    <node name="Cube.034">
      <position x="2.000000" y="-2.000000" z="0.000000"/>
      <rotation qx="0.000000" qy="0.000000" qz="-0.707107" qw="0.707107"/>
      <scale x="1.000000" y="1.000000" z="1.000000"/>
      <entity name="Cube.034" meshFile="DHallEnd.mesh"/>
    </node>
    <node name="Lamp">
      <position x="-6.653649" y="-0.001759" z="0.149774"/>
      <rotation qx="0.707107" qy="0.000000" qz="0.000000" qw="0.707107"/>
      <scale x="1.000000" y="1.000000" z="1.000000"/>
      <light name="Lamp.002" type="point">
        <colourDiffuse r="1.000000" g="0.643263" b="0.090050"/>
        <colourSpecular r="1.000000" g="0.643263" b="0.090050"/>
        <lightAttenuation range="5000.0" constant="1.000000" linear="0.625000" quadratic="0.000000"/>
      </light>
    </node>
    <node name="Cube.045">
      <position x="2.000000" y="14.000000" z="1.700000"/>
      <rotation qx="0.000000" qy="0.000000" qz="-0.707107" qw="0.707107"/>
      <scale x="1.000000" y="1.000000" z="1.000000"/>
      <entity name="Cube.045" meshFile="DGrate1.mesh"/>
    </node>
    <node name="Cube.040">
      <position x="0.000000" y="16.000000" z="0.000000"/>
      <rotation qx="0.000000" qy="0.000000" qz="1.000000" qw="0.000000"/>
      <scale x="1.000000" y="1.000000" z="1.000000"/>
      <entity name="Cube.040" meshFile="DAlcove1.mesh"/>
    </node>
    <node name="Cube.043">
      <position x="4.000000" y="16.000000" z="0.000000"/>
      <rotation qx="0.000000" qy="0.000000" qz="0.000000" qw="1.000000"/>
      <scale x="1.000000" y="1.000000" z="1.000000"/>
      <entity name="Cube.043" meshFile="DAlcove1.mesh"/>
    </node>
    <node name="Cube.042">
      <position x="4.000000" y="12.000000" z="0.000000"/>
      <rotation qx="0.000000" qy="0.000000" qz="0.000000" qw="1.000000"/>
      <scale x="1.000000" y="1.000000" z="1.000000"/>
      <entity name="Cube.042" meshFile="DAlcove1.mesh"/>
    </node>
    <node name="Cube.029">
      <position x="20.000000" y="0.000000" z="-5.003642"/>
      <rotation qx="0.000000" qy="0.000000" qz="0.000000" qw="1.000000"/>
      <scale x="1.000000" y="1.000000" z="1.000000"/>
      <entity name="Cube.029" meshFile="DDoorway1.mesh"/>
    </node>
    <node name="Cube.028">
      <position x="12.000000" y="0.000000" z="-0.003641"/>
      <rotation qx="0.000000" qy="0.000000" qz="1.000000" qw="0.000000"/>
      <scale x="1.000000" y="1.000000" z="1.000000"/>
      <entity name="Cube.028" meshFile="DDoorway1.mesh"/>
    </node>
    <node name="Cube.023">
      <position x="34.000000" y="12.000000" z="-5.000000"/>
      <rotation qx="0.000000" qy="0.000000" qz="0.707107" qw="0.707107"/>
      <scale x="1.000000" y="1.000000" z="1.000000"/>
      <entity name="Cube.023" meshFile="DAlcove1.mesh"/>
    </node>
    <node name="Cube.022">
      <position x="34.000000" y="0.000000" z="-5.000000"/>
      <rotation qx="0.000000" qy="0.000000" qz="1.000000" qw="0.000000"/>
      <scale x="1.000000" y="1.000000" z="1.000000"/>
      <entity name="Cube.022" meshFile="DHall2.mesh"/>
    </node>
    <node name="Cube.020">
      <position x="32.000000" y="0.000000" z="-5.000000"/>
      <rotation qx="0.000000" qy="0.000000" qz="1.000000" qw="0.000000"/>
      <scale x="1.000000" y="1.000000" z="1.000000"/>
      <entity name="Cube.020" meshFile="DEnterHallSloped.mesh"/>
    </node>
    <node name="Cube.027">
      <position x="16.000000" y="0.000000" z="0.000000"/>
      <rotation qx="0.000000" qy="0.000000" qz="0.000000" qw="1.000000"/>
      <scale x="1.000000" y="1.000000" z="1.000000"/>
      <entity name="Cube.027" meshFile="DRamp1.mesh"/>
    </node>
    <node name="Cube.026">
      <position x="34.000000" y="10.000000" z="-5.000000"/>
      <rotation qx="0.000000" qy="0.000000" qz="-0.707107" qw="0.707107"/>
      <scale x="1.000000" y="1.000000" z="1.000000"/>
      <entity name="Cube.026" meshFile="DEnterHallSloped.mesh"/>
    </node>
    <node name="Cube.025">
      <position x="34.000000" y="6.000000" z="-5.000000"/>
      <rotation qx="0.000000" qy="0.000000" qz="-0.707107" qw="0.707107"/>
      <scale x="1.000000" y="1.000000" z="1.000000"/>
      <entity name="Cube.025" meshFile="DLongHallSloped.mesh"/>
    </node>
    <node name="Cube.024">
      <position x="34.000000" y="2.000000" z="-5.000000"/>
      <rotation qx="0.000000" qy="0.000000" qz="0.707107" qw="0.707107"/>
      <scale x="1.000000" y="1.000000" z="1.000000"/>
      <entity name="Cube.024" meshFile="DEnterHallSloped.mesh"/>
    </node>
    <node name="Torch">
      <position x="6.001910" y="1.002349" z="0.015322"/>
      <rotation qx="0.000000" qy="0.000000" qz="1.000000" qw="0.000000"/>
      <scale x="0.015552" y="0.015552" z="0.015552"/>
      <entity name="Torch" meshFile="WallTorch1_small.mesh"/>
    </node>
    <node name="Cube.019">
      <position x="24.000000" y="0.000000" z="-5.000000"/>
      <rotation qx="0.000000" qy="0.000000" qz="0.000000" qw="1.000000"/>
      <scale x="1.000000" y="1.000000" z="1.000000"/>
      <entity name="Cube.019" meshFile="DEnterHallSloped.mesh"/>
    </node>
    <node name="Cube.016">
      <position x="22.000000" y="0.000000" z="-5.003642"/>
      <rotation qx="0.000000" qy="0.000000" qz="1.000000" qw="0.000000"/>
      <scale x="1.000000" y="1.000000" z="1.000000"/>
      <entity name="Cube.016" meshFile="DDoorway1.mesh"/>
    </node>
    <node name="Cube.017">
      <position x="28.000000" y="0.000000" z="-5.000000"/>
      <rotation qx="0.000000" qy="0.000000" qz="0.000000" qw="1.000000"/>
      <scale x="1.000000" y="1.000000" z="1.000000"/>
      <entity name="Cube.017" meshFile="DLongHallSloped.mesh"/>
    </node>
    <node name="Cube.014">
      <position x="2.000000" y="10.000000" z="-0.003642"/>
      <rotation qx="0.000000" qy="0.000000" qz="0.707107" qw="0.707107"/>
      <scale x="1.000000" y="1.000000" z="1.000000"/>
      <entity name="Cube.014" meshFile="DDoorway2.mesh"/>
    </node>
    <node name="Cube.015">
      <position x="4.000000" y="0.000000" z="0.000000"/>
      <rotation qx="0.000000" qy="0.000000" qz="0.000000" qw="1.000000"/>
      <scale x="1.000000" y="1.000000" z="1.000000"/>
      <entity name="Cube.015" meshFile="DHall1.mesh"/>
    </node>
    <node name="Cube.012">
      <position x="2.000000" y="0.000000" z="0.000000"/>
      <rotation qx="0.000000" qy="0.000000" qz="0.000000" qw="1.000000"/>
      <scale x="1.000000" y="1.000000" z="1.000000"/>
      <entity name="Cube.012" meshFile="DHallIntersection1.mesh"/>
    </node>
    <node name="Cube.013">
      <position x="2.000000" y="10.000000" z="-0.003642"/>
      <rotation qx="0.000000" qy="0.000000" qz="-0.707107" qw="0.707107"/>
      <scale x="1.000000" y="1.000000" z="1.000000"/>
      <entity name="Cube.013" meshFile="DDoorway2.mesh"/>
    </node>
    <node name="Cube.010">
      <position x="6.000000" y="-2.000000" z="0.000000"/>
      <rotation qx="0.000000" qy="0.000000" qz="-0.707107" qw="0.707107"/>
      <scale x="1.000000" y="1.000000" z="1.000000"/>
      <entity name="Cube.010" meshFile="DHallEnd.mesh"/>
    </node>
    <node name="Torch.005">
      <position x="22.001911" y="1.002349" z="-4.984678"/>
      <rotation qx="0.000000" qy="0.000000" qz="1.000000" qw="0.000000"/>
      <scale x="0.015552" y="0.015552" z="0.015552"/>
      <entity name="Torch.005" meshFile="WallTorch1_small.mesh"/>
    </node>
    <node name="Torch.004">
      <position x="5.001910" y="9.002349" z="10.015322"/>
      <rotation qx="0.000000" qy="0.000000" qz="1.000000" qw="0.000000"/>
      <scale x="0.015552" y="0.015552" z="0.015552"/>
      <entity name="Torch.004" meshFile="WallTorch1_small.mesh"/>
    </node>
    <node name="Torch.007">
      <position x="35.001911" y="12.002349" z="-4.984678"/>
      <rotation qx="-0.000000" qy="0.000000" qz="0.707107" qw="0.707107"/>
      <scale x="0.015552" y="0.015552" z="0.015552"/>
      <entity name="Torch.007" meshFile="WallTorch1_small.mesh"/>
    </node>
    <node name="Torch.006">
      <position x="34.001911" y="-0.997651" z="-4.984678"/>
      <rotation qx="-0.000000" qy="0.000000" qz="-0.000000" qw="1.000000"/>
      <scale x="0.015552" y="0.015552" z="0.015552"/>
      <entity name="Torch.006" meshFile="WallTorch1_small.mesh"/>
    </node>
    <node name="Torch.001">
      <position x="12.001910" y="1.002349" z="0.015322"/>
      <rotation qx="0.000000" qy="0.000000" qz="1.000000" qw="0.000000"/>
      <scale x="0.015552" y="0.015552" z="0.015552"/>
      <entity name="Torch.001" meshFile="WallTorch1_small.mesh"/>
    </node>
    <node name="Torch.003">
      <position x="-5.998090" y="9.002349" z="5.015322"/>
      <rotation qx="0.000000" qy="0.000000" qz="1.000000" qw="0.000000"/>
      <scale x="0.015552" y="0.015552" z="0.015552"/>
      <entity name="Torch.003" meshFile="WallTorch1_small.mesh"/>
    </node>
    <node name="Torch.002">
      <position x="-6.998090" y="0.002349" z="0.015322"/>
      <rotation qx="0.000000" qy="0.000000" qz="-0.707107" qw="0.707107"/>
      <scale x="0.015552" y="0.015552" z="0.015552"/>
      <entity name="Torch.002" meshFile="WallTorch1_small.mesh"/>
    </node>
    <node name="Torch.009">
      <position x="30.001911" y="3.002349" z="-4.984678"/>
      <rotation qx="-0.000000" qy="0.000000" qz="0.043619" qw="0.999048"/>
      <scale x="0.015552" y="0.015552" z="0.015552"/>
      <entity name="Torch.009" meshFile="WallTorch1_small.003.mesh"/>
    </node>
    <node name="Torch.008">
      <position x="26.001911" y="13.002349" z="-4.984678"/>
      <rotation qx="0.000000" qy="0.000000" qz="1.000000" qw="0.000000"/>
      <scale x="0.015552" y="0.015552" z="0.015552"/>
      <entity name="Torch.008" meshFile="WallTorch1_small.003.mesh"/>
    </node>
    <node name="Brazier2">
      <position x="1.899769" y="-1.943212" z="-0.249087"/>
      <rotation qx="0.000000" qy="0.000000" qz="0.000000" qw="1.000000"/>
      <scale x="1.000000" y="1.000000" z="1.000000"/>
      <entity name="Brazier2" meshFile="Marker.mesh"/>
      <userData>
        <property type="STRING" name="Type" data="Prop"/>
        <property type="STRING" name="Set" data="braziers1"/>
      </userData>
    </node>
    <node name="DCorner1">
      <position x="-6.000000" y="0.000000" z="0.000000"/>
      <rotation qx="0.000000" qy="0.000000" qz="0.000000" qw="1.000000"/>
      <scale x="1.000000" y="1.000000" z="1.000000"/>
      <entity name="DCorner1" meshFile="DCorner1.mesh"/>
    </node>
    <node name="Cube.092">
      <position x="1.700000" y="14.000000" z="1.700000"/>
      <rotation qx="0.707107" qy="0.707107" qz="0.000000" qw="0.000000"/>
      <scale x="0.998333" y="-0.400000" z="0.400000"/>
      <entity name="Cube.092" meshFile="DMetalRod.mesh"/>
    </node>
    <node name="Cube.093">
      <position x="1.400000" y="14.000000" z="1.700000"/>
      <rotation qx="0.707107" qy="0.707107" qz="0.000000" qw="0.000000"/>
      <scale x="0.998333" y="-0.400000" z="0.400000"/>
      <entity name="Cube.093" meshFile="DMetalRod.mesh"/>
    </node>
    <node name="Cube.001">
      <position x="8.000000" y="0.000000" z="0.000000"/>
      <rotation qx="0.000000" qy="0.000000" qz="0.000000" qw="1.000000"/>
      <scale x="1.000000" y="1.000000" z="1.000000"/>
      <entity name="Cube.001" meshFile="DHall1.mesh"/>
    </node>
    <node name="Cube.002">
      <position x="2.000000" y="14.000000" z="0.000000"/>
      <rotation qx="0.000000" qy="0.000000" qz="0.000000" qw="1.000000"/>
      <scale x="1.000000" y="1.000000" z="1.000000"/>
      <entity name="Cube.002" meshFile="DRoom1.mesh"/>
    </node>
    <node name="Cube.005">
      <position x="-6.000000" y="8.000000" z="5.000000"/>
      <rotation qx="0.000000" qy="0.000000" qz="-0.707107" qw="0.707107"/>
      <scale x="1.000000" y="1.000000" z="1.000000"/>
      <entity name="Cube.005" meshFile="DCorner1.mesh"/>
    </node>
    <node name="Cube.009">
      <position x="10.000000" y="0.000000" z="-0.003641"/>
      <rotation qx="0.000000" qy="0.000000" qz="0.000000" qw="1.000000"/>
      <scale x="1.000000" y="1.000000" z="1.000000"/>
      <entity name="Cube.009" meshFile="DDoorway1.mesh"/>
    </node>
    <node name="Cube.008">
      <position x="6.000000" y="0.000000" z="0.000000"/>
      <rotation qx="0.000000" qy="0.000000" qz="0.000000" qw="1.000000"/>
      <scale x="1.000000" y="1.000000" z="1.000000"/>
      <entity name="Cube.008" meshFile="DHall2.mesh"/>
    </node>
    <node name="Torch.010">
      <position x="2.001910" y="17.002350" z="0.015322"/>
      <rotation qx="0.000000" qy="0.000000" qz="1.000000" qw="0.000000"/>
      <scale x="0.015552" y="0.015552" z="0.015552"/>
      <entity name="Torch.010" meshFile="WallTorch1_small.mesh"/>
    </node>
    <node name="Lamp.008">
      <position x="29.933929" y="3.532150" z="-4.850224"/>
      <rotation qx="0.707107" qy="0.000000" qz="0.000000" qw="0.707107"/>
      <scale x="1.000000" y="1.000000" z="1.000000"/>
      <light name="Lamp.002" type="point">
        <colourDiffuse r="1.000000" g="0.643263" b="0.090050"/>
        <colourSpecular r="1.000000" g="0.643263" b="0.090050"/>
        <lightAttenuation range="5000.0" constant="1.000000" linear="0.625000" quadratic="0.000000"/>
      </light>
    </node>
    <node name="Lamp.009">
      <position x="1.966464" y="16.564383" z="0.149775"/>
      <rotation qx="0.707107" qy="0.000000" qz="0.000000" qw="0.707107"/>
      <scale x="1.000000" y="1.000000" z="1.000000"/>
      <light name="Lamp.002" type="point">
        <colourDiffuse r="1.000000" g="0.643263" b="0.090050"/>
        <colourSpecular r="1.000000" g="0.643263" b="0.090050"/>
        <lightAttenuation range="5000.0" constant="1.000000" linear="0.625000" quadratic="0.000000"/>
      </light>
    </node>
    <node name="Cube.090">
      <position x="2.300000" y="14.000000" z="1.700000"/>
      <rotation qx="0.707107" qy="0.707107" qz="0.000000" qw="0.000000"/>
      <scale x="0.998333" y="-0.400000" z="0.400000"/>
      <entity name="Cube.090" meshFile="DMetalRod.mesh"/>
    </node>
    <node name="Cube.091">
      <position x="2.600000" y="14.000000" z="1.700000"/>
      <rotation qx="0.707107" qy="0.707107" qz="0.000000" qw="0.000000"/>
      <scale x="0.998333" y="-0.400000" z="0.400000"/>
      <entity name="Cube.091" meshFile="DMetalRod.mesh"/>
    </node>
    <node name="Lamp.005">
      <position x="33.979485" y="-0.392050" z="-4.850224"/>
      <rotation qx="0.707107" qy="0.000000" qz="0.000000" qw="0.707107"/>
      <scale x="1.000000" y="1.000000" z="1.000000"/>
      <light name="Lamp.002" type="point">
        <colourDiffuse r="1.000000" g="0.643263" b="0.090050"/>
        <colourSpecular r="1.000000" g="0.643263" b="0.090050"/>
        <lightAttenuation range="5000.0" constant="1.000000" linear="0.625000" quadratic="0.000000"/>
      </light>
    </node>
    <node name="Lamp.006">
      <position x="34.526279" y="12.013184" z="-4.850224"/>
      <rotation qx="0.707107" qy="0.000000" qz="0.000000" qw="0.707107"/>
      <scale x="1.000000" y="1.000000" z="1.000000"/>
      <light name="Lamp.002" type="point">
        <colourDiffuse r="1.000000" g="0.643263" b="0.090050"/>
        <colourSpecular r="1.000000" g="0.643263" b="0.090050"/>
        <lightAttenuation range="5000.0" constant="1.000000" linear="0.625000" quadratic="0.000000"/>
      </light>
    </node>
    <node name="Lamp.007">
      <position x="25.967752" y="12.674524" z="-4.850224"/>
      <rotation qx="0.707107" qy="0.000000" qz="0.000000" qw="0.707107"/>
      <scale x="1.000000" y="1.000000" z="1.000000"/>
      <light name="Lamp.002" type="point">
        <colourDiffuse r="1.000000" g="0.643263" b="0.090050"/>
        <colourSpecular r="1.000000" g="0.643263" b="0.090050"/>
        <lightAttenuation range="5000.0" constant="1.000000" linear="0.625000" quadratic="0.000000"/>
      </light>
    </node>
    <node name="Lamp.001">
      <position x="6.006590" y="0.771530" z="0.149774"/>
      <rotation qx="0.707107" qy="0.000000" qz="0.000000" qw="0.707107"/>
      <scale x="1.000000" y="1.000000" z="1.000000"/>
      <light name="Lamp.002" type="point">
        <colourDiffuse r="1.000000" g="0.643263" b="0.090050"/>
        <colourSpecular r="1.000000" g="0.643263" b="0.090050"/>
        <lightAttenuation range="5000.0" constant="1.000000" linear="0.625000" quadratic="0.000000"/>
      </light>
    </node>
    <node name="Lamp.002">
      <position x="12.281985" y="0.661175" z="0.149775"/>
      <rotation qx="0.707107" qy="0.000000" qz="0.000000" qw="0.707107"/>
      <scale x="1.000000" y="1.000000" z="1.000000"/>
      <light name="Lamp.002" type="point">
        <colourDiffuse r="1.000000" g="0.643263" b="0.090050"/>
        <colourSpecular r="1.000000" g="0.643263" b="0.090050"/>
        <lightAttenuation range="5000.0" constant="1.000000" linear="0.625000" quadratic="0.000000"/>
      </light>
    </node>
    <node name="Lamp.003">
      <position x="22.141960" y="-0.403255" z="-4.850224"/>
      <rotation qx="0.707107" qy="0.000000" qz="0.000000" qw="0.707107"/>
      <scale x="1.000000" y="1.000000" z="1.000000"/>
      <light name="Lamp.002" type="point">
        <colourDiffuse r="1.000000" g="0.643263" b="0.090050"/>
        <colourSpecular r="1.000000" g="0.643263" b="0.090050"/>
        <lightAttenuation range="5000.0" constant="1.000000" linear="0.625000" quadratic="0.000000"/>
      </light>
    </node>
  </nodes>
  <externals>
    <item type="material">
      <file name="Scene.material"/>
    </item>
  </externals>
  <environment>
    <colourAmbient r="0.000000" g="0.000000" b="0.000000"/>
    <colourBackground r="0.000000" g="0.000000" b="0.000000"/>
  </environment>
</scene>
