<?xml version="1.0" ?>
<GUILayout>
<Window Type="DefaultGUISheet" Name="root">

	<Window Type="DefaultGUISheet" Name="debug_overlay">
		<Property Name="AlwaysOnTop" Value="True" />
		<Property Name="Disabled" Value="True" />
		
		<Window Type="TaharezLook/StaticText" Name="Panel 1">
			<Property Name="UnifiedPosition" Value="{{0,0},{0.83,0}}" />
			<Property Name="UnifiedSize" Value="{{0.23,0},{0.17,0}}" />
			<Property Name="Alpha" Value="0.9" />
			<Property Name="InheritsAlpha" Value="False" />
	
			<Window Type="TaharezLook/StaticText" Name="OPCurrentFPS">
				<Property Name="FrameEnabled" Value="False" />
				<Property Name="BackgroundEnabled" Value="False" />
				<Property Name="Font" Value="BlueHighway-10" />
				<Property Name="UnifiedPosition" Value="{{0.075,0},{0.12,0}}" />
				<Property Name="UnifiedSize" Value="{{0.85,0},{0.25,0}}" />
				<Property Name="TextColours" Value="tl:FF4FF06F tr:FF4FF06F bl:FF4FF06F br:FF4FF06F" />
				<Property Name="HorzFormatting" Value="HorzCentred" />
				<Property Name="Text" Value="Current FPS: " />
			</Window>

			<Window Type="TaharezLook/StaticImage" Name="OPBar1">
				<Property Name="FrameEnabled" Value="False" />
				<Property Name="BackgroundEnabled" Value="False" />
				<Property Name="UnifiedPosition" Value="{{0.2,0},{0.27,0}}" />
				<Property Name="UnifiedSize" Value="{{0.6,0},{0.025,0}}" />
			</Window>

			<Window Type="TaharezLook/StaticText" Name="OPAverageFPS">
				<Property Name="FrameEnabled" Value="False" />
				<Property Name="BackgroundEnabled" Value="False" />
				<Property Name="Font" Value="BlueHighway-10" />
				<Property Name="UnifiedPosition" Value="{{0.075,0},{0.32,0}}" />
				<Property Name="UnifiedSize" Value="{{1.0,0},{0.25,0}}" />
				<Property Name="TextColours" Value="tl:FFFFF5F0 tr:FFFFF5F0 bl:FFFFF510 br:FFFFF5F0" />
				<Property Name="Text" Value="Average FPS: " />
			</Window>

			<Window Type="TaharezLook/StaticText" Name="OPWorstFPS">
				<Property Name="FrameEnabled" Value="False" />
				<Property Name="BackgroundEnabled" Value="False" />
				<Property Name="Font" Value="BlueHighway-10" />
				<Property Name="UnifiedPosition" Value="{{0.075,0},{0.45,0}}" />
				<Property Name="UnifiedSize" Value="{{1.0,0},{0.25,0}}" />
				<Property Name="TextColours" Value="tl:FFFFF5F0 tr:FFFFF5F0 bl:FFFFF510 br:FFFFF5F0" />
				<Property Name="Text" Value="Worst FPS: " />
			</Window>

			<Window Type="TaharezLook/StaticText" Name="OPBestFPS">
				<Property Name="FrameEnabled" Value="False" />
				<Property Name="BackgroundEnabled" Value="False" />
				<Property Name="Font" Value="BlueHighway-10" />
				<Property Name="UnifiedPosition" Value="{{0.075,0},{0.58,0}}" />
				<Property Name="UnifiedSize" Value="{{1.0,0},{0.25,0}}" />
				<Property Name="TextColours" Value="tl:FFFFF5F0 tr:FFFFF5F0 bl:FFFFF510 br:FFFFF5F0" />
				<Property Name="Text" Value="Best FPS: " />
			</Window>

			<Window Type="TaharezLook/StaticText" Name="OPTriCount">
				<Property Name="FrameEnabled" Value="False" />
				<Property Name="BackgroundEnabled" Value="False" />
				<Property Name="Font" Value="BlueHighway-10" />
				<Property Name="UnifiedPosition" Value="{{0.075,0},{0.71,0}}" />
				<Property Name="UnifiedSize" Value="{{1.0,0},{0.25,0}}" />
				<Property Name="TextColours" Value="tl:FFFFF5F0 tr:FFFFF5F0 bl:FFFFF510 br:FFFFF5F0" />
				<Property Name="Text" Value="Triangle Count: " />
			</Window>

		</Window>

		<Window Type="TaharezLook/StaticText" Name="OPDebugMsg">
			<Property Name="FrameEnabled" Value="False" />
			<Property Name="BackgroundEnabled" Value="False" />
			<Property Name="Font" Value="BlueHighway-10" />
			<Property Name="UnifiedPosition" Value="{{0.25,0},{0.93,0}}" />
			<Property Name="UnifiedSize" Value="{{0.65,0},{0.07,0}}" />
			<Property Name="TextColours" Value="tl:A0FFFFFF tr:A0FFFFFF bl:A0FFFFFF br:A0FFFFFF" />
			<Property Name="InheritsAlpha" Value="False" />
			<Property Name="VertFormatting" Value="VertCentred" />
			<Property Name="HorzFormatting" Value="WordWrapCentred" />
		</Window>

		<Window Type="TaharezLook/StaticImage" Name="OgreLogo">
			<Property Name="FrameEnabled" Value="False" />
			<Property Name="BackgroundEnabled" Value="False" />
			<Property Name="UnifiedPosition" Value="{{0.9,0},{0.95,0}}" />
			<Property Name="UnifiedSize" Value="{{0.1,0},{0.05,0}}" />
			<Property Name="Alpha" Value="0.75" />
			<Property Name="InheritsAlpha" Value="False" />
		</Window>

		<Window Type="TaharezLook/StaticImage" Name="CeguiLogo">
			<Property Name="FrameEnabled" Value="False" />
			<Property Name="BackgroundEnabled" Value="False" />
			<Property Name="UnifiedPosition" Value="{{0.9125,0},{0.9115,0}}" />
			<Property Name="UnifiedSize" Value="{{0.075,0},{0.0385,0}}" />
			<Property Name="Alpha" Value="0.75" />
			<Property Name="InheritsAlpha" Value="False" />
		</Window>

	</Window>

	<Window Type="DefaultGUISheet" Name="OceanDemo">

		<Property Name="UnifiedMaxSize" Value="{{1,0},{2,0}}" />
		<Property Name="UnifiedSize" Value="{{1,0},{2,0}}" />


		<Window Type="TaharezLook/StaticText" Name="HelpTxt">
			<Property Name="UnifiedPosition" Value="{{0.6,0},{0.8,0}}" />
			<Property Name="UnifiedMinSize" Value="{{0.5,0},{0.3,0}}" />
			<Property Name="UnifiedSize" Value="{{0.5,0},{0.3,0}}" />
			<Property Name="Text" Value="Use the Combo boxes to select a shader and a model" />
			<Property Name="InheritsAlpha" Value="False" />
		</Window>
		
		<Window Type="TaharezLook/FrameWindow" Name="OceanDemo/MainWin">
			<Property Name="UnifiedPosition" Value="{{0,0},{0,0}}" />
			<Property Name="UnifiedMaxSize" Value="{{0.23,0},{0.23,0}}" />
			<Property Name="UnifiedMinSize" Value="{{0.23,0},{0.23,0}}" />
			<Property Name="UnifiedSize" Value="{{0.23,0},{0.23,0}}" />
			<Property Name="Text" Value="Selector" />
			<Property Name="Alpha" Value="0.75" />
			<Property Name="CloseButtonEnabled" Value="False" />

			<Window Type="TaharezLook/StaticText" Name="ShaderTxt">
				<Property Name="UnifiedPosition" Value="{{0.05,0},{0.10,0}}" />
				<Property Name="UnifiedMaxSize" Value="{{0.3,0},{0.06,0}}" />
				<Property Name="UnifiedMinSize" Value="{{0.3,0},{0.06,0}}" />
				<Property Name="UnifiedSize" Value="{{0.3,0},{0.06,0}}" />
				<Property Name="HorzFormatting" Value="LeftAligned" />
				<Property Name="Text" Value="Active Material" />
				<Property Name="FrameEnabled" Value="False" />
				<Property Name="BackgroundEnabled" Value="False" />
				<Property Name="InheritsAlpha" Value="False" />
			</Window>

			<Window Type="TaharezLook/Combobox" Name="ShaderCombos">
				<Property Name="UnifiedPosition" Value="{{0.05,0},{0.27,0}}" />
				<Property Name="UnifiedMaxSize" Value="{{0.2,0},{0.25,0}}" />
				<Property Name="UnifiedMinSize" Value="{{0.2,0},{0.25,0}}" />
				<Property Name="UnifiedSize" Value="{{0.2,0},{0.25,0}}" />
				<Property Name="InheritsAlpha" Value="False" />
				<Property Name="ReadOnly" Value="True" />
				<Property Name="ClippedByParent" Value="False" />
			</Window>

			<Window Type="TaharezLook/StaticText" Name="ModelTxt">
				<Property Name="UnifiedPosition" Value="{{0.05,0},{0.40,0}}" />
				<Property Name="UnifiedMaxSize" Value="{{0.3,0},{0.06,0}}" />
				<Property Name="UnifiedMinSize" Value="{{0.3,0},{0.06,0}}" />
				<Property Name="UnifiedSize" Value="{{0.3,0},{0.06,0}}" />
				<Property Name="HorzFormatting" Value="LeftAligned" />
				<Property Name="Text" Value="Active Model" />
				<Property Name="FrameEnabled" Value="False" />
				<Property Name="BackgroundEnabled" Value="False" />
				<Property Name="InheritsAlpha" Value="False" />
			</Window>

			<Window Type="TaharezLook/Combobox" Name="ModelCombos">
				<Property Name="UnifiedPosition" Value="{{0.05,0},{0.57,0}}" />
				<Property Name="UnifiedMaxSize" Value="{{0.2,0},{0.25,0}}" />
				<Property Name="UnifiedMinSize" Value="{{0.2,0},{0.25,0}}" />
				<Property Name="UnifiedSize" Value="{{0.2,0},{0.25,0}}" />
				<Property Name="InheritsAlpha" Value="False" />
				<Property Name="ReadOnly" Value="True" />
				<Property Name="ClippedByParent" Value="False" />
			</Window>

			<Window Type="TaharezLook/Button" Name="ExitDemoBtn">
				<Property Name="UnifiedPosition" Value="{{0.25,0},{0.79,0}}" />
				<Property Name="UnifiedMaxSize" Value="{{0.12,0},{0.04,0}}" />
				<Property Name="UnifiedMinSize" Value="{{0.12,0},{0.04,0}}" />
				<Property Name="UnifiedSize" Value="{{0.33,0},{0.04,0}}" />
				<Property Name="Text" Value="Exit Demo" />
				<Property Name="InheritsAlpha" Value="False" />
			</Window>


		</Window>


		<Window Type="TaharezLook/FrameWindow" Name="ShaderControlsWin">
			<Property Name="UnifiedPosition" Value="{{0.50,0},{0,0}}" />
			<Property Name="UnifiedMaxSize" Value="{{0.5,0},{0.22,0}}" />
			<Property Name="UnifiedMinSize" Value="{{0.5,0},{0.22,0}}" />
			<Property Name="UnifiedSize" Value="{{0.5,0},{0.22,0}}" />
			<Property Name="Text" Value="Shader Controls" />
			<Property Name="Alpha" Value="0.75" />
			<Property Name="CloseButtonEnabled" Value="False" />
			
			<Window Type="TaharezLook/VerticalScrollbar" Name="VerticalScroll">
				<Property Name="UnifiedPosition" Value="{{0.94,0},{0.2,0}}" />
				<Property Name="UnifiedSize" Value="{{0.04,0},{0.75,0}}" />
				<Property Name="DocumentSize" Value="1" />
				<Property Name="PageSize" Value="1" />
				<Property Name="StepSize" Value="0.01" />
				<Property Name="OverlapSize" Value="0.5" />
			</Window>
			
		</Window>

		<Window Type="TaharezLook/FrameWindow" Name="MovementControlsWin">
			<Property Name="UnifiedPosition" Value="{{0.0,0},{0.2,0}}" />
			<Property Name="UnifiedMaxSize" Value="{{0.15,0},{0.22,0}}" />
			<Property Name="UnifiedMinSize" Value="{{0.15,0},{0.22,0}}" />
			<Property Name="UnifiedSize" Value="{{0.15,0},{0.22,0}}" />
			<Property Name="Text" Value="Movement" />
			<Property Name="Alpha" Value="0.75" />
			<Property Name="CloseButtonEnabled" Value="False" />
			
			<Window Type="TaharezLook/RadioButton" Name="CameraRBtn">
				<Property Name="UnifiedPosition" Value="{{0.1,0},{0.2,0}}" />
				<Property Name="UnifiedMaxSize" Value="{{0.12,0},{0.03,0}}" />
				<Property Name="UnifiedMinSize" Value="{{0.12,0},{0.03,0}}" />
				<Property Name="UnifiedSize" Value="{{0.33,0},{0.03,0}}" />
				<Property Name="Text" Value="Camera" />
				<Property Name="InheritsAlpha" Value="False" />
				<Property Name="Selected" Value="true" />
				<Property Name="ID" Value="0" />
			
			</Window>

			<Window Type="TaharezLook/RadioButton" Name="ModelRBtn">
				<Property Name="UnifiedPosition" Value="{{0.1,0},{0.4,0}}" />
				<Property Name="UnifiedMaxSize" Value="{{0.12,0},{0.03,0}}" />
				<Property Name="UnifiedMinSize" Value="{{0.12,0},{0.03,0}}" />
				<Property Name="UnifiedSize" Value="{{0.33,0},{0.03,0}}" />
				<Property Name="Text" Value="Model" />
				<Property Name="InheritsAlpha" Value="False" />
				<Property Name="Selected" Value="False" />
				<Property Name="ID" Value="1" />
			
			</Window>
			
			<Window Type="TaharezLook/Checkbox" Name="ModelSpinCB">
				<Property Name="UnifiedPosition" Value="{{0.2,0},{0.53,0}}" />
				<Property Name="UnifiedMaxSize" Value="{{0.12,0},{0.03,0}}" />
				<Property Name="UnifiedMinSize" Value="{{0.12,0},{0.03,0}}" />
				<Property Name="UnifiedSize" Value="{{0.12,0},{0.03,0}}" />
				<Property Name="InheritsAlpha" Value="False" />
				<Property Name="Text" Value="Spin" />
				<Property Name="Selected" Value="True" />
			</Window>

			<Window Type="TaharezLook/Checkbox" Name="LightSpinCB">
				<Property Name="UnifiedPosition" Value="{{0.1,0},{0.7,0}}" />
				<Property Name="UnifiedMaxSize" Value="{{0.12,0},{0.03,0}}" />
				<Property Name="UnifiedMinSize" Value="{{0.12,0},{0.03,0}}" />
				<Property Name="UnifiedSize" Value="{{0.12,0},{0.03,0}}" />
				<Property Name="InheritsAlpha" Value="False" />
				<Property Name="Text" Value="Spin Light" />
				<Property Name="Selected" Value="False" />
			</Window>
		</Window>
	</Window>

</Window>

</GUILayout>
