<?xml version="1.0" encoding="UTF-8"?>

<MyGUI type="List">
  
  <List file="core_keyboard.xml" group="General"/>
  <List file="core_language.xml" group="General"/>
  <List file="core_layer.xml" group="General"/>
  <List file="core_font.xml" group="General"/>
  <List file="core_theme.xml" group="General"/>
  <!--List file="core_theme_black_blue.xml" group="General"/-->
  <!--List file="core_theme_black_orange.xml" group="General"/-->
  <List file="core_resource.xml" group="General"/>
  <List file="core_skin.xml" group="General"/>
  <List file="core_pointer.xml" group="General"/>
  
</MyGUI>
